2026-08-05 09:28:46 [INFO] Node gateway running on http://localhost:3000
2026-08-05 09:29:43 [INFO] GET /favicon.ico
2026-08-05 09:29:46 [INFO] GET /favicon.ico
2026-08-05 09:29:49 [INFO] GET /favicon.ico
2026-08-05 09:30:36 [INFO] GET /favicon.ico
2026-08-05 09:30:48 [INFO] GET /favicon.ico
2026-08-05 09:30:56 [INFO] GET /favicon.ico
2026-08-05 09:32:03 [INFO] GET /favicon.ico
2026-08-05 09:36:56 [INFO] GET /favicon.ico
2026-08-05 09:37:01 [INFO] GET /favicon.ico
2026-08-05 09:37:53 [INFO] GET /favicon.ico
2026-08-05 09:37:57 [INFO] GET /favicon.ico
2026-08-05 09:37:58 [INFO] GET /favicon.ico
2026-08-05 09:38:00 [INFO] GET /favicon.ico
2026-08-05 09:39:59 [INFO] GET /favicon.ico
2026-08-05 09:40:03 [INFO] GET /favicon.ico
2026-08-05 09:46:38 [INFO] Node gateway running on http://localhost:3000
2026-08-05 09:47:14 [INFO] GET /api/health
2026-08-05 09:47:19 [INFO] GET /api/analytics/overview
2026-08-05 09:47:29 [ERROR] Unhandled error: Expected property name or '}' in JSON at position 1 (line 1 column 2)
2026-08-05 09:47:41 [INFO] POST /api/auth/login
2026-08-05 09:48:35 [INFO] POST /api/auth/login
2026-08-05 09:48:35 [INFO] GET /api/analytics/overview
2026-08-05 09:48:45 [INFO] POST /api/auth/login
2026-08-05 09:48:46 [INFO] GET /api/students/me
2026-08-05 09:48:46 [INFO] GET /api/admin/dashboard
2026-08-05 09:48:51 [INFO] POST /api/auth/login
2026-08-05 09:48:52 [INFO] GET /api/students/me
2026-08-05 10:08:18 [INFO] Node gateway running on http://localhost:3000
2026-08-05 10:08:24 [INFO] GET /favicon.ico
2026-08-05 10:08:32 [INFO] GET /favicon.ico
2026-08-05 10:08:35 [INFO] GET /favicon.ico
2026-08-05 10:09:09 [INFO] GET /favicon.ico
2026-08-05 10:09:14 [INFO] GET /favicon.ico
2026-08-05 10:09:23 [INFO] GET /favicon.ico
2026-08-05 10:10:26 [INFO] GET /favicon.ico
2026-08-05 10:10:54 [INFO] GET /api/health
2026-08-05 10:11:11 [INFO] POST /api/auth/login
2026-08-05 10:17:08 [INFO] Node gateway running on http://localhost:3000
2026-08-05 10:17:11 [INFO] GET /api/health
2026-08-05 10:17:17 [INFO] GET /api/health
2026-08-05 10:18:53 [INFO] GET /favicon.ico
2026-08-05 10:18:54 [INFO] GET /favicon.ico
2026-08-05 10:18:54 [INFO] GET /favicon.ico
2026-08-05 10:18:55 [INFO] GET /favicon.ico
2026-08-05 10:18:55 [INFO] GET /favicon.ico
2026-08-05 10:18:55 [INFO] GET /favicon.ico
2026-08-05 10:18:55 [INFO] GET /favicon.ico
2026-08-05 10:18:57 [INFO] GET /favicon.ico
2026-08-05 10:19:36 [INFO] POST /api/auth/register
2026-08-05 10:19:41 [INFO] POST /api/auth/send-otp
2026-08-05 10:19:41 [INFO] GET /favicon.ico
2026-08-05 10:19:45 [ERROR] Email failed to gayathrigandhiwrk@gmail.com: Missing credentials for "PLAIN"
2026-08-05 10:20:04 [INFO] POST /api/auth/verify-otp
2026-08-05 10:20:05 [INFO] GET /favicon.ico
2026-08-05 10:20:07 [INFO] POST /api/auth/login
2026-08-05 10:20:18 [INFO] POST /api/auth/login
2026-08-05 10:20:20 [INFO] GET /favicon.ico
2026-08-05 10:20:23 [INFO] POST /api/auth/forgot-password
2026-08-05 10:20:31 [INFO] GET /favicon.ico
2026-08-05 10:22:18 [INFO] POST /api/auth/login
2026-08-05 10:22:20 [INFO] GET /api/analytics/overview
2026-08-05 10:22:20 [INFO] GET /api/analytics/gamification
2026-08-05 10:22:20 [INFO] GET /api/tests/history
2026-08-05 10:22:20 [INFO] GET /api/analytics/leaderboard
2026-08-05 10:22:20 [INFO] GET /api/notifications
2026-08-05 10:22:20 [INFO] GET /favicon.ico
2026-08-05 10:22:38 [INFO] GET /api/subjects
2026-08-05 10:22:38 [INFO] GET /favicon.ico
2026-08-05 10:22:45 [INFO] GET /api/questions/counts
2026-08-05 10:22:45 [INFO] GET /api/questions
2026-08-05 10:22:45 [INFO] GET /favicon.ico
2026-08-05 10:22:51 [INFO] GET /api/tests/history
2026-08-05 10:22:51 [INFO] GET /favicon.ico
2026-08-05 10:22:54 [INFO] GET /api/tests/history
2026-08-05 10:22:54 [INFO] GET /favicon.ico
2026-08-05 10:22:56 [INFO] GET /api/questions/practice/daily
2026-08-05 10:22:56 [INFO] GET /api/questions/bookmarks
2026-08-05 10:22:56 [INFO] GET /favicon.ico
2026-08-05 10:24:12 [INFO] GET /api/ai/ping
2026-08-05 10:24:12 [INFO] GET /favicon.ico
2026-08-05 10:24:16 [INFO] GET /api/analytics/overview
2026-08-05 10:24:16 [INFO] GET /api/analytics/gamification
2026-08-05 10:24:16 [INFO] GET /api/tests/history
2026-08-05 10:24:16 [INFO] GET /api/analytics/leaderboard
2026-08-05 10:24:16 [INFO] GET /api/notifications
2026-08-05 10:24:16 [INFO] GET /favicon.ico
2026-08-05 10:24:34 [INFO] GET /api/subjects
2026-08-05 10:24:34 [INFO] GET /favicon.ico
2026-08-05 10:24:35 [INFO] GET /api/questions/counts
2026-08-05 10:24:35 [INFO] GET /api/questions
2026-08-05 10:24:35 [INFO] GET /favicon.ico
2026-08-05 10:24:58 [INFO] GET /api/analytics/overview
2026-08-05 10:24:58 [INFO] GET /api/analytics/gamification
2026-08-05 10:24:58 [INFO] GET /api/tests/history
2026-08-05 10:24:58 [INFO] GET /api/analytics/leaderboard
2026-08-05 10:24:58 [INFO] GET /api/notifications
2026-08-05 10:24:58 [INFO] GET /favicon.ico
2026-08-05 10:25:29 [INFO] GET /api/planner
2026-08-05 10:25:29 [INFO] GET /favicon.ico
2026-08-05 10:25:33 [INFO] GET /favicon.ico
2026-08-05 10:26:33 [INFO] GET /favicon.ico
2026-08-05 10:26:36 [INFO] GET /favicon.ico
2026-08-05 10:26:39 [INFO] GET /favicon.ico
2026-08-05 10:26:41 [INFO] GET /favicon.ico
2026-08-05 10:26:43 [INFO] GET /favicon.ico
2026-08-05 10:26:44 [INFO] GET /favicon.ico
2026-08-05 10:26:45 [INFO] GET /favicon.ico
2026-08-05 10:26:46 [INFO] GET /favicon.ico
2026-08-05 10:26:46 [INFO] GET /favicon.ico
2026-08-05 10:26:47 [INFO] GET /favicon.ico
2026-08-05 10:26:48 [INFO] GET /api/analytics/overview
2026-08-05 10:26:48 [INFO] GET /api/analytics/gamification
2026-08-05 10:26:49 [INFO] GET /api/tests/history
2026-08-05 10:26:49 [INFO] GET /api/analytics/leaderboard
2026-08-05 10:26:49 [INFO] GET /api/notifications
2026-08-05 10:26:49 [INFO] GET /favicon.ico
2026-08-05 10:26:49 [INFO] GET /api/analytics/overview
2026-08-05 10:26:49 [INFO] GET /api/analytics/gamification
2026-08-05 10:26:49 [INFO] GET /api/tests/history
2026-08-05 10:26:49 [INFO] GET /api/analytics/leaderboard
2026-08-05 10:26:49 [INFO] GET /api/notifications
2026-08-05 10:26:49 [INFO] GET /favicon.ico
2026-08-05 10:26:50 [INFO] GET /api/analytics/overview
2026-08-05 10:26:50 [INFO] GET /api/analytics/gamification
2026-08-05 10:26:50 [INFO] GET /api/tests/history
2026-08-05 10:26:50 [INFO] GET /api/analytics/leaderboard
2026-08-05 10:26:50 [INFO] GET /api/notifications
2026-08-05 10:26:51 [INFO] GET /favicon.ico
2026-08-05 10:26:51 [INFO] GET /favicon.ico
2026-08-05 10:26:56 [INFO] GET /api/analytics/overview
2026-08-05 10:26:56 [INFO] GET /api/analytics/gamification
2026-08-05 10:26:56 [INFO] GET /api/tests/history
2026-08-05 10:26:56 [INFO] GET /api/analytics/leaderboard
2026-08-05 10:26:56 [INFO] GET /api/notifications
2026-08-05 10:26:56 [INFO] GET /favicon.ico
2026-08-05 10:27:00 [INFO] GET /api/analytics/overview
2026-08-05 10:27:00 [INFO] GET /api/analytics/gamification
2026-08-05 10:27:00 [INFO] GET /api/tests/history
2026-08-05 10:27:00 [INFO] GET /api/analytics/leaderboard
2026-08-05 10:27:00 [INFO] GET /api/notifications
2026-08-05 10:27:00 [INFO] GET /favicon.ico
2026-08-05 10:27:02 [INFO] GET /favicon.ico
2026-08-05 10:28:01 [INFO] POST /api/auth/login
2026-08-05 10:28:05 [INFO] GET /favicon.ico
2026-08-05 10:28:10 [INFO] POST /api/auth/forgot-password
2026-08-05 10:29:52 [INFO] GET /favicon.ico
2026-08-05 10:30:15 [INFO] POST /api/auth/login
2026-08-05 10:30:17 [INFO] GET /api/admin/dashboard
2026-08-05 10:30:17 [INFO] GET /favicon.ico
2026-08-05 10:30:23 [INFO] GET /api/admin/dashboard
2026-08-05 10:30:23 [INFO] GET /favicon.ico
2026-08-05 10:30:34 [INFO] GET /api/admin/users
2026-08-05 10:30:45 [INFO] PUT /api/admin/users/5/toggle
2026-08-05 10:30:45 [INFO] GET /api/admin/users
2026-08-05 10:30:59 [INFO] PUT /api/admin/users/5/toggle
2026-08-05 10:30:59 [INFO] GET /api/admin/users
2026-08-05 10:31:02 [INFO] GET /api/subjects
2026-08-05 10:31:06 [INFO] GET /api/questions?page=0&size=10
2026-08-05 10:31:06 [INFO] GET /api/questions/counts
2026-08-05 10:31:10 [INFO] GET /api/admin/dashboard
2026-08-05 10:31:16 [INFO] GET /api/admin/users
2026-08-05 10:31:16 [INFO] GET /api/admin/dashboard
2026-08-05 10:31:21 [INFO] GET /api/admin/dashboard
2026-08-05 10:31:21 [INFO] GET /favicon.ico
2026-08-05 10:31:22 [INFO] GET /api/admin/dashboard
2026-08-05 10:31:22 [INFO] GET /favicon.ico
2026-08-05 10:31:23 [INFO] GET /api/admin/dashboard
2026-08-05 10:31:23 [INFO] GET /favicon.ico
2026-08-05 10:31:24 [INFO] GET /api/admin/dashboard
2026-08-05 10:31:24 [INFO] GET /favicon.ico
2026-08-05 10:31:25 [INFO] GET /api/admin/dashboard
2026-08-05 10:31:25 [INFO] GET /favicon.ico
2026-08-05 10:31:26 [INFO] GET /api/students/me
2026-08-05 10:31:26 [INFO] GET /favicon.ico
2026-08-05 10:34:03 [INFO] POST /api/auth/forgot-password
2026-08-05 10:34:08 [ERROR] Email failed to student1@studentai.com: Missing credentials for "PLAIN"
2026-08-05 10:40:04 [INFO] Node gateway running on http://localhost:3000
2026-08-05 10:40:08 [INFO] GET /favicon.ico
2026-08-05 10:40:11 [INFO] GET /favicon.ico
2026-08-05 10:40:16 [INFO] POST /api/auth/login
2026-08-05 10:40:19 [INFO] GET /favicon.ico
2026-08-05 10:40:23 [INFO] POST /api/auth/forgot-password
2026-08-05 10:40:37 [INFO] GET /favicon.ico
2026-08-05 10:40:41 [INFO] GET /favicon.ico
2026-08-05 10:41:09 [INFO] POST /api/auth/register
2026-08-05 10:42:44 [INFO] GET /api/admin/dashboard
2026-08-05 10:42:44 [INFO] GET /favicon.ico
2026-08-05 10:42:46 [INFO] POST /api/auth/login
2026-08-05 10:42:48 [INFO] GET /api/admin/dashboard
2026-08-05 10:42:48 [INFO] GET /favicon.ico
2026-08-05 10:42:51 [INFO] GET /api/admin/dashboard
2026-08-05 10:42:51 [INFO] GET /favicon.ico
2026-08-05 10:42:54 [INFO] GET /api/admin/dashboard
2026-08-05 10:42:54 [INFO] GET /favicon.ico
2026-08-05 10:42:58 [INFO] GET /api/admin/dashboard
2026-08-05 10:42:58 [INFO] GET /favicon.ico
2026-08-05 10:43:00 [INFO] GET /api/admin/dashboard
2026-08-05 10:43:00 [INFO] GET /favicon.ico
2026-08-05 10:43:00 [INFO] GET /api/admin/dashboard
2026-08-05 10:43:00 [INFO] GET /favicon.ico
2026-08-05 10:43:00 [INFO] GET /api/admin/dashboard
2026-08-05 10:43:00 [INFO] GET /favicon.ico
2026-08-05 10:43:00 [INFO] GET /api/admin/dashboard
2026-08-05 10:43:00 [INFO] GET /favicon.ico
2026-08-05 10:43:03 [INFO] GET /api/students/me
2026-08-05 10:43:04 [INFO] GET /favicon.ico
2026-08-05 10:43:05 [INFO] GET /api/admin/dashboard
2026-08-05 10:43:05 [INFO] GET /favicon.ico
2026-08-05 10:43:08 [INFO] POST /api/auth/login
2026-08-05 10:43:09 [INFO] GET /api/admin/dashboard
2026-08-05 10:43:09 [INFO] GET /favicon.ico
2026-08-05 10:43:16 [INFO] GET /api/admin/dashboard
2026-08-05 10:43:16 [INFO] GET /favicon.ico
2026-08-05 10:43:18 [INFO] GET /api/admin/dashboard
2026-08-05 10:43:18 [INFO] GET /favicon.ico
2026-08-05 10:43:19 [INFO] GET /api/admin/dashboard
2026-08-05 10:43:19 [INFO] GET /favicon.ico
2026-08-05 10:43:20 [INFO] GET /api/admin/dashboard
2026-08-05 10:43:20 [INFO] GET /favicon.ico
2026-08-05 10:43:21 [INFO] GET /api/admin/dashboard
2026-08-05 10:43:21 [INFO] GET /favicon.ico
2026-08-05 10:43:22 [INFO] GET /api/admin/dashboard
2026-08-05 10:43:22 [INFO] GET /favicon.ico
2026-08-05 10:43:23 [INFO] GET /api/admin/dashboard
2026-08-05 10:43:23 [INFO] GET /favicon.ico
2026-08-05 10:43:26 [INFO] GET /api/admin/dashboard
2026-08-05 10:43:26 [INFO] GET /favicon.ico
2026-08-05 10:43:27 [INFO] GET /api/admin/dashboard
2026-08-05 10:43:27 [INFO] GET /favicon.ico
2026-08-05 10:43:35 [INFO] GET /api/admin/dashboard
2026-08-05 10:43:35 [INFO] GET /favicon.ico
2026-08-05 10:43:36 [INFO] GET /api/admin/dashboard
2026-08-05 10:43:36 [INFO] GET /favicon.ico
2026-08-05 10:43:37 [INFO] GET /api/admin/dashboard
2026-08-05 10:43:37 [INFO] GET /favicon.ico
2026-08-05 10:43:37 [INFO] GET /api/admin/dashboard
2026-08-05 10:43:37 [INFO] GET /favicon.ico
2026-08-05 10:43:37 [INFO] GET /api/admin/dashboard
2026-08-05 10:43:37 [INFO] GET /favicon.ico
2026-08-05 10:43:37 [INFO] GET /api/admin/dashboard
2026-08-05 10:43:37 [INFO] GET /favicon.ico
2026-08-05 10:43:38 [INFO] GET /api/admin/dashboard
2026-08-05 10:43:38 [INFO] GET /favicon.ico
2026-08-05 10:43:38 [INFO] GET /api/admin/dashboard
2026-08-05 10:43:38 [INFO] GET /favicon.ico
2026-08-05 10:43:39 [INFO] GET /api/admin/dashboard
2026-08-05 10:43:39 [INFO] GET /favicon.ico
2026-08-05 10:43:40 [INFO] GET /api/admin/dashboard
2026-08-05 10:43:40 [INFO] GET /favicon.ico
2026-08-05 10:43:42 [INFO] POST /api/auth/register
2026-08-05 10:43:47 [INFO] POST /api/auth/send-otp
2026-08-05 10:43:47 [INFO] GET /favicon.ico
2026-08-05 10:43:51 [ERROR] Email failed to gayathrigandhiwrk@gmail.com: Invalid login: 535-5.7.8 Username and Password not accepted. For more information, go to
535 5.7.8  https://support.google.com/mail/?p=BadCredentials 98e67ed59e1d1-38fedc650a0sm3204666a91.14 - gsmtp
2026-08-05 10:44:02 [INFO] POST /api/auth/verify-otp
2026-08-05 10:44:03 [INFO] GET /api/admin/dashboard
2026-08-05 10:44:03 [INFO] GET /favicon.ico
2026-08-05 10:44:10 [INFO] GET /favicon.ico
2026-08-05 10:44:22 [INFO] GET /api/admin/dashboard
2026-08-05 10:44:22 [INFO] GET /favicon.ico
2026-08-05 10:44:27 [INFO] GET /favicon.ico
2026-08-05 10:44:28 [INFO] GET /favicon.ico
2026-08-05 10:44:31 [INFO] POST /api/auth/login
2026-08-05 10:51:16 [INFO] POST /api/auth/login
2026-08-05 10:51:18 [INFO] GET /api/analytics/overview
2026-08-05 10:51:18 [INFO] GET /api/analytics/gamification
2026-08-05 10:51:18 [INFO] GET /api/tests/history
2026-08-05 10:51:18 [INFO] GET /api/analytics/leaderboard
2026-08-05 10:51:18 [INFO] GET /api/notifications
2026-08-05 10:51:18 [INFO] GET /favicon.ico
2026-08-05 10:51:28 [INFO] GET /favicon.ico
2026-08-05 10:51:31 [INFO] GET /api/analytics/overview
2026-08-05 10:51:31 [INFO] GET /api/analytics/gamification
2026-08-05 10:51:31 [INFO] GET /api/tests/history
2026-08-05 10:51:31 [INFO] GET /api/analytics/leaderboard
2026-08-05 10:51:31 [INFO] GET /api/notifications
2026-08-05 10:51:31 [INFO] GET /favicon.ico
2026-08-05 10:51:35 [INFO] GET /favicon.ico
2026-08-05 10:51:40 [INFO] GET /favicon.ico
2026-08-05 10:51:44 [INFO] POST /api/auth/forgot-password
2026-08-05 10:51:49 [ERROR] Email failed to gayathrigandhiwrk@gmail.com: Invalid login: 535-5.7.8 Username and Password not accepted. For more information, go to
535 5.7.8  https://support.google.com/mail/?p=BadCredentials d9443c01a7336-2d0a9f9370esm14710745ad.8 - gsmtp
2026-08-05 10:51:50 [INFO] GET /favicon.ico
2026-08-05 10:54:56 [INFO] Node gateway running on http://localhost:3000
2026-08-05 10:54:58 [INFO] GET /api/health
2026-08-05 10:56:09 [INFO] POST /api/auth/register
2026-08-05 11:07:44 [INFO] Node gateway running on http://localhost:3000
2026-08-05 11:08:02 [INFO] GET /favicon.ico
2026-08-05 11:08:05 [INFO] GET /favicon.ico
2026-08-05 11:08:18 [INFO] POST /api/auth/login
2026-08-05 11:08:21 [INFO] GET /favicon.ico
2026-08-05 11:08:25 [INFO] POST /api/auth/forgot-password
2026-08-05 11:08:30 [ERROR] Email failed to gayathri.gandhi.wrk@gmail.com: Invalid login: 535-5.7.8 Username and Password not accepted. For more information, go to
535 5.7.8  https://support.google.com/mail/?p=BadCredentials d9443c01a7336-2d0aa4d818dsm14520235ad.72 - gsmtp
2026-08-05 11:08:31 [INFO] GET /favicon.ico
2026-08-05 11:09:33 [INFO] Node gateway running on http://localhost:3000
2026-08-05 11:09:42 [INFO] GET /favicon.ico
2026-08-05 11:09:47 [INFO] GET /favicon.ico
2026-08-05 11:09:49 [INFO] POST /api/auth/login
2026-08-05 11:10:55 [INFO] Node gateway running on http://localhost:3000
2026-08-05 11:11:00 [INFO] GET /favicon.ico
2026-08-05 11:11:01 [INFO] GET /favicon.ico
2026-08-05 11:11:03 [INFO] POST /api/auth/login
2026-08-05 11:11:12 [INFO] POST /api/auth/login
2026-08-05 11:11:15 [INFO] POST /api/auth/login
2026-08-05 11:11:15 [INFO] POST /api/auth/login
2026-08-05 11:11:16 [INFO] POST /api/auth/login
2026-08-05 11:11:16 [INFO] POST /api/auth/login
2026-08-05 11:11:17 [INFO] POST /api/auth/login
2026-08-05 11:11:28 [INFO] GET /favicon.ico
2026-08-05 11:11:56 [INFO] POST /api/auth/register
2026-08-05 11:12:18 [INFO] GET /favicon.ico
2026-08-05 11:12:20 [INFO] POST /api/auth/login
2026-08-05 11:12:43 [INFO] GET /favicon.ico
2026-08-05 11:12:48 [INFO] POST /api/auth/forgot-password
2026-08-05 11:12:52 [ERROR] Email failed to gayathri.gandhi.wrk@gmail.com: Invalid login: 535-5.7.8 Username and Password not accepted. For more information, go to
535 5.7.8  https://support.google.com/mail/?p=BadCredentials 41be03b00d2f7-cbe708bfae6sm687712a12.20 - gsmtp
2026-08-05 11:12:54 [INFO] GET /favicon.ico
2026-08-05 11:22:10 [INFO] POST /api/auth/forgot-password
2026-08-05 11:22:15 [ERROR] Email failed to gayathri.gandhi.wrk@gmail.com: Invalid login: 535-5.7.8 Username and Password not accepted. For more information, go to
535 5.7.8  https://support.google.com/mail/?p=BadCredentials 98e67ed59e1d1-38fee06b438sm3385554a91.16 - gsmtp
2026-08-05 11:22:25 [INFO] POST /api/auth/reset-password
2026-08-05 11:22:41 [INFO] POST /api/auth/login
2026-08-05 11:27:19 [INFO] Node gateway running on http://localhost:3000
2026-08-05 11:27:28 [INFO] GET /favicon.ico
2026-08-05 11:27:30 [INFO] GET /favicon.ico
2026-08-05 11:27:32 [INFO] POST /api/auth/login
2026-08-05 11:27:36 [INFO] GET /favicon.ico
2026-08-05 11:27:41 [INFO] POST /api/auth/forgot-password
2026-08-05 11:27:48 [ERROR] Email failed to gayathri.gandhi.wrk@gmail.com: Invalid login: 535-5.7.8 Username and Password not accepted. For more information, go to
535 5.7.8  https://support.google.com/mail/?p=BadCredentials 41be03b00d2f7-cbe706e1c03sm732039a12.0 - gsmtp
2026-08-05 11:28:05 [INFO] POST /api/auth/reset-password
2026-08-05 11:28:07 [INFO] GET /favicon.ico
2026-08-05 11:28:20 [INFO] POST /api/auth/login
2026-08-05 11:28:21 [INFO] GET /api/analytics/overview
2026-08-05 11:28:21 [INFO] GET /api/analytics/gamification
2026-08-05 11:28:21 [INFO] GET /api/tests/history
2026-08-05 11:28:21 [INFO] GET /api/analytics/leaderboard
2026-08-05 11:28:21 [INFO] GET /api/notifications
2026-08-05 11:28:21 [INFO] GET /favicon.ico
2026-08-05 11:28:37 [INFO] GET /api/subjects
2026-08-05 11:28:37 [INFO] GET /favicon.ico
2026-08-05 11:28:41 [INFO] GET /api/questions/counts
2026-08-05 11:28:41 [INFO] GET /api/questions
2026-08-05 11:28:41 [INFO] GET /favicon.ico
2026-08-05 11:28:56 [INFO] GET /api/tests/history
2026-08-05 11:28:56 [INFO] GET /favicon.ico
2026-08-05 11:29:03 [INFO] GET /api/tests/history
2026-08-05 11:29:03 [INFO] GET /favicon.ico
2026-08-05 11:29:05 [INFO] GET /api/questions/practice/daily
2026-08-05 11:29:05 [INFO] GET /api/questions/bookmarks
2026-08-05 11:29:05 [INFO] GET /favicon.ico
2026-08-05 11:29:09 [INFO] GET /api/ai/ping
2026-08-05 11:29:09 [INFO] GET /favicon.ico
2026-08-05 11:30:25 [INFO] GET /api/analytics/overview
2026-08-05 11:30:25 [INFO] GET /favicon.ico
2026-08-05 11:49:59 [INFO] GET /api/analytics/overview
2026-08-05 11:49:59 [INFO] GET /api/analytics/gamification
2026-08-05 11:49:59 [INFO] GET /api/tests/history
2026-08-05 11:49:59 [INFO] GET /api/analytics/leaderboard
2026-08-05 11:49:59 [INFO] GET /api/notifications
2026-08-05 11:49:59 [INFO] GET /favicon.ico
2026-08-05 11:50:06 [INFO] GET /api/subjects
2026-08-05 11:50:06 [INFO] GET /favicon.ico
2026-08-05 11:50:23 [INFO] GET /api/subjects/1/topics
2026-08-05 11:50:33 [INFO] GET /favicon.ico
2026-08-05 11:50:48 [INFO] GET /api/subjects
2026-08-05 11:50:48 [INFO] GET /favicon.ico
2026-08-05 11:51:25 [INFO] GET /favicon.ico
2026-08-05 12:39:36 [INFO] Node gateway running on http://localhost:3000
2026-08-05 12:39:41 [INFO] GET /favicon.ico
2026-08-05 12:39:48 [INFO] GET /favicon.ico
2026-08-05 12:39:53 [INFO] GET /favicon.ico
2026-08-05 12:39:57 [INFO] POST /api/auth/forgot-password
2026-08-05 12:39:57 [ERROR] Email failed to gayathri.gandhi.wrk@gmail.com: getaddrinfo ENOTFOUND smtp.gmail.com
2026-08-05 12:40:25 [INFO] GET /favicon.ico
2026-08-05 15:49:36 [INFO] Node gateway running on http://localhost:3000
2026-08-05 15:50:46 [INFO] GET /favicon.ico
2026-08-05 15:50:47 [INFO] GET /favicon.ico
2026-08-05 15:50:49 [INFO] POST /api/auth/login
2026-08-05 15:50:52 [INFO] GET /api/analytics/overview
2026-08-05 15:50:52 [INFO] GET /api/analytics/gamification
2026-08-05 15:50:52 [INFO] GET /api/tests/history
2026-08-05 15:50:52 [INFO] GET /api/analytics/leaderboard
2026-08-05 15:50:52 [INFO] GET /api/notifications
2026-08-05 15:50:52 [INFO] GET /favicon.ico
2026-08-05 15:51:01 [INFO] GET /api/subjects
2026-08-05 15:51:01 [INFO] GET /favicon.ico
2026-08-05 15:51:04 [INFO] GET /api/questions/counts
2026-08-05 15:51:04 [INFO] GET /api/questions
2026-08-05 15:51:04 [INFO] GET /favicon.ico
2026-08-05 15:51:07 [INFO] GET /api/tests/history
2026-08-05 15:51:07 [INFO] GET /favicon.ico
2026-08-05 15:51:09 [INFO] GET /api/tests/history
2026-08-05 15:51:09 [INFO] GET /favicon.ico
2026-08-05 15:51:09 [INFO] GET /api/questions/practice/daily
2026-08-05 15:51:09 [INFO] GET /api/questions/bookmarks
2026-08-05 15:51:09 [INFO] GET /favicon.ico
2026-08-05 15:51:11 [INFO] GET /api/ai/ping
2026-08-05 15:51:11 [INFO] GET /favicon.ico
2026-08-05 15:51:13 [INFO] GET /api/recommendations
2026-08-05 15:51:13 [INFO] GET /favicon.ico
2026-08-05 15:51:15 [INFO] GET /api/reports
2026-08-05 15:51:15 [INFO] GET /favicon.ico
2026-08-05 15:51:17 [INFO] GET /api/analytics/overview
2026-08-05 15:51:17 [INFO] GET /favicon.ico
2026-08-05 15:51:24 [INFO] GET /favicon.ico
2026-08-05 15:51:30 [INFO] GET /favicon.ico
2026-08-05 15:51:42 [INFO] POST /api/auth/forgot-password
2026-08-05 15:51:50 [INFO] Email sent to gayathri.gandhi.wrk@gmail.com: Your OTP for PASSWORD_RESET - Student Performance System
2026-08-05 16:03:42 [INFO] GET /favicon.ico
2026-08-05 16:14:55 [INFO] Node gateway running on http://localhost:3000
2026-08-05 16:14:59 [INFO] GET /favicon.ico
2026-08-05 16:15:01 [INFO] GET /favicon.ico
2026-08-05 16:15:02 [INFO] GET /favicon.ico
2026-08-05 16:16:48 [INFO] POST /api/auth/register
2026-08-05 16:16:54 [INFO] POST /api/auth/send-otp
2026-08-05 16:16:54 [INFO] GET /favicon.ico
2026-08-05 16:17:03 [INFO] GET /favicon.ico
2026-08-05 16:17:04 [INFO] Email sent to nishanthi2742@gmail.com: Your OTP for REGISTRATION - Student Performance System
2026-08-05 16:17:14 [INFO] GET /favicon.ico
2026-08-05 16:17:19 [INFO] POST /api/auth/forgot-password
2026-08-05 16:17:28 [INFO] Email sent to nishanthi2742@gmail.com: Your OTP for PASSWORD_RESET - Student Performance System
2026-08-05 16:18:03 [INFO] POST /api/auth/forgot-password
2026-08-05 16:18:13 [INFO] Email sent to nishanthi2742@gmail.com: Your OTP for PASSWORD_RESET - Student Performance System
2026-08-05 16:18:40 [INFO] POST /api/auth/reset-password
2026-08-05 16:18:44 [INFO] GET /favicon.ico
2026-08-05 16:18:46 [INFO] POST /api/auth/login
2026-08-05 16:18:48 [INFO] GET /api/analytics/overview
2026-08-05 16:18:48 [INFO] GET /api/analytics/gamification
2026-08-05 16:18:48 [INFO] GET /api/tests/history
2026-08-05 16:18:48 [INFO] GET /api/analytics/leaderboard
2026-08-05 16:18:48 [INFO] GET /api/notifications
2026-08-05 16:18:48 [INFO] GET /favicon.ico
2026-08-05 16:18:58 [INFO] GET /api/questions/counts
2026-08-05 16:18:58 [INFO] GET /api/questions
2026-08-05 16:18:58 [INFO] GET /favicon.ico
2026-08-05 16:19:07 [INFO] GET /api/analytics/gamification
2026-08-05 16:19:07 [INFO] GET /api/analytics/overview
2026-08-05 16:19:07 [INFO] GET /api/tests/history
2026-08-05 16:19:07 [INFO] GET /api/analytics/leaderboard
2026-08-05 16:19:07 [INFO] GET /api/notifications
2026-08-05 16:19:07 [INFO] GET /favicon.ico
2026-08-05 16:19:12 [INFO] GET /api/students/me
2026-08-05 16:19:12 [INFO] GET /favicon.ico
2026-08-05 16:21:45 [INFO] GET /api/subjects
2026-08-05 16:21:45 [INFO] GET /favicon.ico
2026-08-05 16:22:54 [INFO] GET /api/questions/counts
2026-08-05 16:22:54 [INFO] GET /api/questions
2026-08-05 16:22:54 [INFO] GET /favicon.ico
2026-08-05 16:22:59 [INFO] GET /api/tests/history
2026-08-05 16:22:59 [INFO] GET /favicon.ico
2026-08-05 16:23:05 [INFO] GET /api/analytics/overview
2026-08-05 16:23:05 [INFO] GET /api/analytics/gamification
2026-08-05 16:23:05 [INFO] GET /api/tests/history
2026-08-05 16:23:05 [INFO] GET /api/analytics/leaderboard
2026-08-05 16:23:05 [INFO] GET /api/notifications
2026-08-05 16:23:05 [INFO] GET /favicon.ico
2026-08-05 19:10:00 [INFO] Node gateway running on http://localhost:3000
2026-08-05 19:10:04 [INFO] GET /favicon.ico
2026-08-05 19:10:10 [INFO] GET /api/analytics/overview
2026-08-05 19:10:10 [INFO] GET /api/analytics/gamification
2026-08-05 19:10:10 [INFO] GET /api/tests/history
2026-08-05 19:10:10 [INFO] GET /api/analytics/leaderboard
2026-08-05 19:10:10 [INFO] GET /api/notifications
2026-08-05 19:10:10 [INFO] GET /favicon.ico
2026-08-05 19:10:14 [INFO] GET /favicon.ico
2026-08-05 19:10:16 [INFO] GET /api/analytics/overview
2026-08-05 19:10:16 [INFO] GET /api/analytics/gamification
2026-08-05 19:10:16 [INFO] GET /api/tests/history
2026-08-05 19:10:16 [INFO] GET /api/analytics/leaderboard
2026-08-05 19:10:16 [INFO] GET /api/notifications
2026-08-05 19:10:16 [INFO] GET /favicon.ico
2026-08-05 19:10:21 [INFO] GET /favicon.ico
2026-08-05 19:10:24 [INFO] GET /api/analytics/overview
2026-08-05 19:10:24 [INFO] GET /api/analytics/gamification
2026-08-05 19:10:24 [INFO] GET /api/tests/history
2026-08-05 19:10:24 [INFO] GET /api/analytics/leaderboard
2026-08-05 19:10:24 [INFO] GET /api/notifications
2026-08-05 19:10:24 [INFO] GET /favicon.ico
2026-08-05 19:10:27 [INFO] GET /favicon.ico
2026-08-05 19:10:29 [INFO] GET /api/analytics/overview
2026-08-05 19:10:29 [INFO] GET /api/analytics/gamification
2026-08-05 19:10:29 [INFO] GET /api/tests/history
2026-08-05 19:10:29 [INFO] GET /api/analytics/leaderboard
2026-08-05 19:10:29 [INFO] GET /api/notifications
2026-08-05 19:10:29 [INFO] GET /favicon.ico
2026-08-05 19:10:33 [INFO] GET /favicon.ico
2026-08-05 19:10:37 [INFO] GET /api/analytics/overview
2026-08-05 19:10:37 [INFO] GET /api/analytics/gamification
2026-08-05 19:10:37 [INFO] GET /api/tests/history
2026-08-05 19:10:37 [INFO] GET /api/analytics/leaderboard
2026-08-05 19:10:37 [INFO] GET /api/notifications
2026-08-05 19:10:37 [INFO] GET /favicon.ico
2026-08-05 19:10:40 [INFO] GET /favicon.ico
2026-08-05 19:10:55 [INFO] GET /favicon.ico
2026-08-05 19:10:56 [INFO] GET /favicon.ico
2026-08-05 19:15:17 [INFO] Node gateway running on http://localhost:3000
2026-08-05 19:15:20 [INFO] GET /favicon.ico
2026-08-05 19:15:22 [INFO] GET /favicon.ico
2026-08-05 19:15:25 [INFO] GET /favicon.ico
2026-08-05 19:15:32 [INFO] GET /favicon.ico
2026-08-05 19:15:48 [INFO] POST /api/auth/login
2026-08-05 19:15:50 [INFO] GET /api/analytics/overview
2026-08-05 19:15:50 [INFO] GET /api/analytics/gamification
2026-08-05 19:15:50 [INFO] GET /api/tests/history
2026-08-05 19:15:50 [INFO] GET /api/analytics/leaderboard
2026-08-05 19:15:50 [INFO] GET /api/notifications
2026-08-05 19:15:50 [INFO] GET /favicon.ico
2026-08-05 19:15:52 [INFO] GET /favicon.ico
2026-08-05 19:20:36 [INFO] Node gateway running on http://localhost:3000
2026-08-05 19:20:39 [INFO] GET /favicon.ico
2026-08-05 19:20:43 [INFO] GET /favicon.ico
2026-08-05 19:20:44 [INFO] GET /favicon.ico
2026-08-05 19:20:49 [INFO] GET /favicon.ico
2026-08-05 19:21:15 [INFO] POST /api/auth/login
2026-08-05 19:21:16 [INFO] GET /api/admin/dashboard
2026-08-05 19:21:16 [INFO] GET /favicon.ico
2026-08-05 19:21:19 [INFO] GET /api/admin/dashboard
2026-08-05 19:21:19 [INFO] GET /favicon.ico
2026-08-05 19:21:22 [INFO] GET /api/admin/dashboard
2026-08-05 19:21:22 [INFO] GET /favicon.ico
2026-08-05 19:21:23 [INFO] GET /api/admin/dashboard
2026-08-05 19:21:23 [INFO] GET /favicon.ico
2026-08-05 19:21:25 [INFO] GET /api/admin/dashboard
2026-08-05 19:21:25 [INFO] GET /favicon.ico
2026-08-05 19:21:27 [INFO] GET /api/admin/dashboard
2026-08-05 19:21:27 [INFO] GET /favicon.ico
2026-08-05 19:21:29 [INFO] GET /api/admin/dashboard
2026-08-05 19:21:29 [INFO] GET /favicon.ico
2026-08-05 19:26:07 [INFO] Node gateway running on http://localhost:3000
2026-08-05 19:26:36 [INFO] GET /favicon.ico
2026-08-05 19:26:43 [INFO] GET /api/admin/dashboard
2026-08-05 19:26:43 [INFO] GET /favicon.ico
2026-08-05 19:26:46 [INFO] GET /favicon.ico
2026-08-05 19:27:17 [INFO] POST /api/auth/login
2026-08-05 19:27:19 [INFO] GET /api/admin/dashboard
2026-08-05 19:27:19 [INFO] GET /favicon.ico
2026-08-05 19:27:20 [INFO] GET /api/admin/users
2026-08-05 19:27:20 [INFO] GET /favicon.ico
2026-08-05 19:27:24 [INFO] GET /api/subjects
2026-08-05 19:27:24 [INFO] GET /favicon.ico
2026-08-05 19:27:27 [INFO] GET /api/questions?page=0&size=10
2026-08-05 19:27:27 [INFO] GET /api/questions/counts
2026-08-05 19:27:27 [INFO] GET /favicon.ico
2026-08-05 19:28:01 [INFO] GET /api/admin/users
2026-08-05 19:28:01 [INFO] GET /favicon.ico
2026-08-05 19:28:05 [INFO] GET /api/admin/users
2026-08-05 19:28:05 [INFO] GET /favicon.ico
2026-08-05 19:28:15 [INFO] GET /api/subjects
2026-08-05 19:28:15 [INFO] GET /favicon.ico
2026-08-05 19:28:18 [INFO] GET /api/questions/counts
2026-08-05 19:28:18 [INFO] GET /api/questions?page=0&size=10
2026-08-05 19:28:18 [INFO] GET /favicon.ico
2026-08-05 19:28:21 [INFO] GET /api/questions/counts
2026-08-05 19:28:21 [INFO] GET /api/questions?page=0&size=10
2026-08-05 19:28:21 [INFO] GET /favicon.ico
2026-08-05 19:28:29 [INFO] GET /api/students/me
2026-08-05 19:28:29 [INFO] GET /favicon.ico
2026-08-05 19:31:27 [INFO] GET /favicon.ico
2026-08-05 19:31:48 [INFO] POST /api/auth/login
2026-08-05 19:31:49 [INFO] GET /api/analytics/overview
2026-08-05 19:31:49 [INFO] GET /api/analytics/gamification
2026-08-05 19:31:49 [INFO] GET /api/tests/history
2026-08-05 19:31:49 [INFO] GET /api/analytics/leaderboard
2026-08-05 19:31:49 [INFO] GET /api/notifications
2026-08-05 19:31:49 [INFO] GET /favicon.ico
2026-08-05 19:34:07 [INFO] GET /api/subjects
2026-08-05 19:34:07 [INFO] GET /favicon.ico
2026-08-05 19:34:16 [INFO] GET /api/questions/counts
2026-08-05 19:34:16 [INFO] GET /api/questions
2026-08-05 19:34:16 [INFO] GET /favicon.ico
2026-08-05 19:34:21 [INFO] GET /api/tests/history
2026-08-05 19:34:21 [INFO] GET /favicon.ico
2026-08-05 19:34:38 [INFO] GET /api/tests/history
2026-08-05 19:34:38 [INFO] GET /favicon.ico
2026-08-05 19:34:40 [INFO] GET /api/questions/practice/daily
2026-08-05 19:34:40 [INFO] GET /api/questions/bookmarks
2026-08-05 19:34:40 [INFO] GET /favicon.ico
2026-08-05 19:34:51 [INFO] GET /api/ai/ping
2026-08-05 19:34:51 [INFO] GET /favicon.ico
2026-08-05 19:35:59 [INFO] GET /api/planner
2026-08-05 19:35:59 [INFO] GET /favicon.ico
2026-08-05 19:36:09 [INFO] GET /api/subjects
2026-08-05 19:36:09 [INFO] GET /favicon.ico
2026-08-05 19:38:07 [INFO] GET /api/questions/counts
2026-08-05 19:38:07 [INFO] GET /api/questions
2026-08-05 19:38:07 [INFO] GET /favicon.ico
2026-08-05 19:38:27 [INFO] GET /api/questions
2026-08-05 19:38:28 [INFO] GET /api/questions
2026-08-05 19:38:34 [INFO] GET /api/tests/history
2026-08-05 19:38:34 [INFO] GET /favicon.ico
2026-08-05 19:39:19 [INFO] POST /api/tests/start
2026-08-05 19:41:16 [INFO] POST /api/tests/1/submit
2026-08-05 19:41:16 [INFO] GET /api/tests/1/result
2026-08-05 19:41:16 [INFO] GET /api/tests/history
2026-08-05 19:41:16 [INFO] GET /favicon.ico
2026-08-05 19:41:29 [INFO] GET /api/questions/counts
2026-08-05 19:41:29 [INFO] GET /api/questions
2026-08-05 19:41:29 [INFO] GET /favicon.ico
2026-08-05 19:41:47 [INFO] GET /api/subjects
2026-08-05 19:41:47 [INFO] GET /favicon.ico
2026-08-05 19:43:22 [INFO] GET /api/analytics/overview
2026-08-05 19:43:22 [INFO] GET /api/analytics/gamification
2026-08-05 19:43:22 [INFO] GET /api/tests/history
2026-08-05 19:43:22 [INFO] GET /api/analytics/leaderboard
2026-08-05 19:43:22 [INFO] GET /api/notifications
2026-08-05 19:43:22 [INFO] GET /favicon.ico
2026-08-05 19:43:36 [INFO] GET /api/ai/ping
2026-08-05 19:43:36 [INFO] GET /favicon.ico
2026-08-05 19:43:39 [INFO] GET /favicon.ico
2026-08-05 19:46:16 [INFO] GET /favicon.ico
2026-08-05 19:46:31 [INFO] POST /api/auth/login
2026-08-05 19:46:32 [INFO] GET /api/admin/dashboard
2026-08-05 19:46:32 [INFO] GET /favicon.ico
2026-08-05 19:46:36 [INFO] GET /api/admin/users
2026-08-05 19:46:36 [INFO] GET /favicon.ico
2026-08-05 19:46:39 [INFO] GET /api/subjects
2026-08-05 19:46:39 [INFO] GET /favicon.ico
2026-08-05 19:46:59 [INFO] GET /api/questions/counts
2026-08-05 19:46:59 [INFO] GET /api/questions?page=0&size=10
2026-08-05 19:46:59 [INFO] GET /favicon.ico
2026-08-05 19:47:03 [INFO] GET /api/subjects
2026-08-05 19:47:03 [INFO] GET /favicon.ico
2026-08-05 19:47:33 [INFO] GET /api/questions/counts
2026-08-05 19:47:33 [INFO] GET /api/questions?page=0&size=10
2026-08-05 19:47:33 [INFO] GET /favicon.ico
2026-08-05 19:47:35 [INFO] GET /api/students/me
2026-08-05 19:47:35 [INFO] GET /favicon.ico
2026-08-05 19:47:45 [INFO] GET /api/students/me
2026-08-05 19:47:45 [INFO] GET /favicon.ico
2026-08-05 19:48:13 [INFO] POST /api/auth/login
2026-08-05 19:48:15 [INFO] GET /api/analytics/gamification
2026-08-05 19:48:15 [INFO] GET /api/analytics/overview
2026-08-05 19:48:15 [INFO] GET /api/tests/history
2026-08-05 19:48:15 [INFO] GET /api/analytics/leaderboard
2026-08-05 19:48:15 [INFO] GET /api/notifications
2026-08-05 19:48:15 [INFO] GET /favicon.ico
2026-08-05 19:48:26 [INFO] GET /api/subjects
2026-08-05 19:48:26 [INFO] GET /favicon.ico
2026-08-05 19:49:11 [INFO] GET /favicon.ico
2026-08-05 19:49:26 [INFO] POST /api/auth/login
2026-08-05 19:49:27 [INFO] GET /api/admin/dashboard
2026-08-05 19:49:27 [INFO] GET /favicon.ico
2026-08-05 19:49:30 [INFO] GET /api/subjects
2026-08-05 19:49:30 [INFO] GET /favicon.ico
2026-08-06 12:36:29 [INFO] Node gateway running on http://localhost:3000
2026-08-06 12:36:34 [INFO] GET /favicon.ico
2026-08-06 12:36:37 [INFO] GET /api/admin/dashboard
2026-08-06 12:36:37 [INFO] GET /favicon.ico
2026-08-06 12:36:39 [INFO] GET /favicon.ico
2026-08-06 12:37:09 [INFO] POST /api/auth/login
2026-08-06 12:37:31 [INFO] POST /api/auth/login
2026-08-06 12:37:48 [INFO] POST /api/auth/login
2026-08-06 12:38:27 [INFO] POST /api/auth/login
2026-08-06 12:44:51 [INFO] GET /favicon.ico
2026-08-06 12:45:11 [INFO] POST /api/auth/login
2026-08-06 12:45:13 [INFO] GET /api/analytics/overview
2026-08-06 12:45:13 [INFO] GET /api/analytics/gamification
2026-08-06 12:45:13 [INFO] GET /api/tests/history
2026-08-06 12:45:13 [INFO] GET /api/notifications
2026-08-06 12:45:13 [INFO] GET /api/analytics/leaderboard
2026-08-06 12:45:13 [INFO] GET /favicon.ico
2026-08-06 12:45:25 [INFO] GET /api/questions/counts
2026-08-06 12:45:25 [INFO] GET /api/questions
2026-08-06 12:45:25 [INFO] GET /favicon.ico
2026-08-06 12:45:57 [INFO] GET /api/tests/history
2026-08-06 12:45:57 [INFO] GET /favicon.ico
2026-08-06 12:48:04 [INFO] GET /favicon.ico
2026-08-06 12:48:14 [INFO] GET /api/tests/history
2026-08-06 12:48:14 [INFO] GET /favicon.ico
2026-08-06 12:57:08 [INFO] Node gateway running on http://localhost:3000
2026-08-06 12:57:16 [INFO] GET /api/subjects
2026-08-06 12:57:16 [INFO] GET /api/tests/history
2026-08-06 12:57:16 [INFO] GET /favicon.ico
2026-08-06 13:03:28 [INFO] Node gateway running on http://localhost:3000
2026-08-06 13:03:33 [INFO] GET /api/subjects
2026-08-06 13:03:33 [INFO] GET /api/tests/history
2026-08-06 13:03:33 [INFO] GET /favicon.ico
2026-08-06 13:03:36 [INFO] GET /api/subjects/1/topics
2026-08-06 13:05:17 [INFO] POST /api/tests/start
2026-08-06 13:06:05 [INFO] POST /api/tests/2/submit
2026-08-06 13:06:05 [INFO] GET /api/tests/2/result
2026-08-06 13:06:05 [INFO] GET /api/tests/history
2026-08-06 13:06:05 [INFO] GET /favicon.ico
2026-08-06 13:06:15 [INFO] GET /favicon.ico
2026-08-06 13:06:18 [INFO] GET /favicon.ico
2026-08-06 13:06:20 [INFO] GET /api/subjects
2026-08-06 13:06:20 [INFO] GET /api/tests/history
2026-08-06 13:06:20 [INFO] GET /favicon.ico
2026-08-06 13:11:36 [INFO] Node gateway running on http://localhost:3000
2026-08-06 13:11:41 [INFO] GET /api/subjects
2026-08-06 13:11:41 [INFO] GET /api/tests/history
2026-08-06 13:11:41 [INFO] GET /favicon.ico
2026-08-06 13:14:17 [INFO] GET /api/analytics/overview
2026-08-06 13:14:17 [INFO] GET /api/analytics/gamification
2026-08-06 13:14:17 [INFO] GET /api/tests/history
2026-08-06 13:14:17 [INFO] GET /api/analytics/leaderboard
2026-08-06 13:14:17 [INFO] GET /api/notifications
2026-08-06 13:14:17 [INFO] GET /favicon.ico
2026-08-06 13:14:34 [INFO] GET /api/tests/history
2026-08-06 13:14:34 [INFO] GET /favicon.ico
2026-08-06 13:14:37 [INFO] GET /api/tests/2/result
2026-08-06 13:14:52 [INFO] GET /favicon.ico
2026-08-06 15:20:27 [INFO] Node gateway running on http://localhost:3000
2026-08-06 15:20:34 [INFO] GET /favicon.ico
2026-08-06 15:20:36 [INFO] GET /api/analytics/gamification
2026-08-06 15:20:37 [INFO] GET /api/analytics/overview
2026-08-06 15:20:37 [INFO] GET /api/tests/history
2026-08-06 15:20:37 [INFO] GET /api/analytics/leaderboard
2026-08-06 15:20:37 [INFO] GET /api/notifications
2026-08-06 15:20:37 [INFO] GET /favicon.ico
2026-08-06 15:20:39 [INFO] GET /favicon.ico
2026-08-06 15:21:12 [INFO] POST /api/auth/login
2026-08-06 15:22:30 [INFO] POST /api/auth/login
2026-08-06 15:22:32 [INFO] GET /api/analytics/overview
2026-08-06 15:22:32 [INFO] GET /api/analytics/gamification
2026-08-06 15:22:32 [INFO] GET /api/tests/history
2026-08-06 15:22:32 [INFO] GET /api/analytics/leaderboard
2026-08-06 15:22:32 [INFO] GET /api/notifications
2026-08-06 15:22:32 [INFO] GET /favicon.ico
2026-08-06 15:22:41 [INFO] GET /api/tests/history
2026-08-06 15:22:41 [INFO] GET /api/subjects
2026-08-06 15:22:41 [INFO] GET /favicon.ico
2026-08-06 15:23:11 [INFO] GET /api/tests/history
2026-08-06 15:23:11 [INFO] GET /favicon.ico
2026-08-06 15:23:14 [INFO] GET /api/questions/practice/daily
2026-08-06 15:23:14 [INFO] GET /api/questions/bookmarks
2026-08-06 15:23:14 [INFO] GET /favicon.ico
2026-08-06 15:23:21 [INFO] GET /api/ai/ping
2026-08-06 15:23:21 [INFO] GET /favicon.ico
2026-08-06 15:23:22 [INFO] GET /api/ai/explain?method=shap
2026-08-06 15:23:22 [INFO] GET /favicon.ico
2026-08-06 15:30:47 [INFO] Node gateway running on http://localhost:3000
2026-08-06 15:30:51 [INFO] GET /favicon.ico
2026-08-06 15:30:53 [INFO] GET /api/analytics/overview
2026-08-06 15:30:53 [INFO] GET /api/analytics/gamification
2026-08-06 15:30:53 [INFO] GET /api/tests/history
2026-08-06 15:30:53 [INFO] GET /api/analytics/leaderboard
2026-08-06 15:30:53 [INFO] GET /api/notifications
2026-08-06 15:30:53 [INFO] GET /favicon.ico
2026-08-06 15:30:55 [INFO] GET /api/subjects
2026-08-06 15:30:55 [INFO] GET /favicon.ico
2026-08-06 15:30:59 [INFO] GET /api/subjects/performance
2026-08-06 15:31:07 [INFO] GET /api/questions
2026-08-06 15:31:07 [INFO] GET /api/questions/counts
2026-08-06 15:31:07 [INFO] GET /favicon.ico
2026-08-06 15:31:10 [INFO] GET /api/subjects
2026-08-06 15:31:10 [INFO] GET /api/tests/history
2026-08-06 15:31:10 [INFO] GET /favicon.ico
2026-08-06 15:31:13 [INFO] GET /api/tests/history
2026-08-06 15:31:13 [INFO] GET /favicon.ico
2026-08-06 15:31:42 [INFO] GET /api/questions/practice/daily
2026-08-06 15:31:42 [INFO] GET /api/questions/bookmarks
2026-08-06 15:31:42 [INFO] GET /favicon.ico
2026-08-06 15:31:55 [INFO] POST /api/questions/959/attempt
2026-08-06 15:32:01 [INFO] GET /api/ai/ping
2026-08-06 15:32:01 [INFO] GET /favicon.ico
2026-08-06 15:32:08 [INFO] GET /favicon.ico
2026-08-06 15:32:12 [INFO] GET /api/analytics/overview
2026-08-06 15:32:12 [INFO] GET /api/analytics/gamification
2026-08-06 15:32:12 [INFO] GET /api/tests/history
2026-08-06 15:32:12 [INFO] GET /api/analytics/leaderboard
2026-08-06 15:32:12 [INFO] GET /api/notifications
2026-08-06 15:32:12 [INFO] GET /favicon.ico
2026-08-06 15:33:57 [INFO] GET /api/subjects
2026-08-06 15:33:57 [INFO] GET /favicon.ico
2026-08-06 15:33:59 [INFO] GET /api/questions/counts
2026-08-06 15:33:59 [INFO] GET /api/questions
2026-08-06 15:33:59 [INFO] GET /favicon.ico
2026-08-06 15:34:11 [INFO] GET /api/subjects
2026-08-06 15:34:11 [INFO] GET /api/tests/history
2026-08-06 15:34:11 [INFO] GET /favicon.ico
2026-08-06 15:34:12 [INFO] GET /api/tests/history
2026-08-06 15:34:12 [INFO] GET /favicon.ico
2026-08-06 15:34:13 [INFO] GET /api/questions/practice/daily
2026-08-06 15:34:13 [INFO] GET /api/questions/bookmarks
2026-08-06 15:34:13 [INFO] GET /favicon.ico
2026-08-06 15:34:15 [INFO] GET /api/ai/ping
2026-08-06 15:34:15 [INFO] GET /favicon.ico
2026-08-06 15:34:34 [INFO] GET /api/ai/predict
2026-08-06 15:35:00 [INFO] GET /api/ai/explain?method=shap
2026-08-06 15:35:00 [INFO] GET /favicon.ico
2026-08-06 15:35:06 [INFO] GET /api/planner
2026-08-06 15:35:06 [INFO] GET /favicon.ico
2026-08-06 15:35:10 [INFO] GET /api/recommendations
2026-08-06 15:35:10 [INFO] GET /favicon.ico
2026-08-06 15:35:14 [INFO] GET /api/analytics/overview
2026-08-06 15:35:14 [INFO] GET /favicon.ico
2026-08-06 15:35:24 [INFO] GET /api/reports
2026-08-06 15:35:24 [INFO] GET /favicon.ico
2026-08-06 15:35:27 [INFO] GET /api/students/me
2026-08-06 15:35:27 [INFO] GET /favicon.ico
2026-08-06 15:35:51 [INFO] GET /favicon.ico
2026-08-06 18:43:09 [INFO] Node gateway running on http://localhost:3000
2026-08-06 18:43:18 [INFO] GET /favicon.ico
2026-08-06 18:53:16 [INFO] GET /favicon.ico
2026-08-06 18:53:47 [INFO] POST /api/auth/login
2026-08-06 18:53:48 [INFO] GET /api/analytics/overview
2026-08-06 18:53:48 [INFO] GET /api/analytics/leaderboard
2026-08-06 18:53:48 [INFO] GET /api/analytics/gamification
2026-08-06 18:53:48 [INFO] GET /api/notifications
2026-08-06 18:53:48 [INFO] GET /api/tests/history
2026-08-06 18:53:49 [INFO] GET /favicon.ico
2026-08-06 18:54:15 [INFO] GET /api/subjects
2026-08-06 18:54:15 [INFO] GET /favicon.ico
2026-08-06 18:54:16 [INFO] GET /api/questions/counts
2026-08-06 18:54:16 [INFO] GET /api/questions
2026-08-06 18:54:16 [INFO] GET /favicon.ico
2026-08-06 19:21:44 [INFO] GET /api/subjects
2026-08-06 19:21:44 [INFO] GET /api/tests/history
2026-08-06 19:21:44 [INFO] GET /favicon.ico
2026-08-06 19:35:42 [INFO] Node gateway running on http://localhost:3000
2026-08-06 19:35:47 [INFO] GET /api/subjects
2026-08-06 19:35:47 [INFO] GET /api/tests/history
2026-08-06 19:35:47 [INFO] GET /favicon.ico
2026-08-06 19:36:06 [INFO] POST /api/tests/start
2026-08-06 19:37:52 [INFO] POST /api/tests/3/submit
2026-08-06 19:37:52 [INFO] GET /api/tests/3/result
2026-08-06 19:37:52 [INFO] GET /api/tests/history
2026-08-06 19:37:52 [INFO] GET /favicon.ico
2026-08-06 19:38:03 [INFO] GET /api/tests/history
2026-08-06 19:38:03 [INFO] GET /favicon.ico
2026-08-06 19:38:05 [INFO] GET /api/tests/history
2026-08-06 19:38:05 [INFO] GET /favicon.ico
2026-08-06 19:38:05 [INFO] GET /api/tests/history
2026-08-06 19:38:05 [INFO] GET /favicon.ico
2026-08-06 19:45:54 [INFO] GET /api/subjects
2026-08-06 19:45:54 [INFO] GET /api/tests/history
2026-08-06 19:45:54 [INFO] GET /favicon.ico
2026-08-06 19:46:59 [INFO] GET /favicon.ico
2026-08-06 19:47:08 [INFO] POST /api/chatbot/chat
2026-08-06 19:47:29 [INFO] POST /api/chatbot/chat
2026-08-06 19:47:59 [INFO] POST /api/chatbot/chat
2026-08-06 19:48:08 [INFO] POST /api/chatbot/chat
2026-08-06 19:48:23 [INFO] GET /api/analytics/overview
2026-08-06 19:48:23 [INFO] GET /favicon.ico
2026-08-06 19:48:25 [INFO] GET /favicon.ico
2026-08-06 19:49:21 [INFO] GET /favicon.ico
2026-08-06 20:24:33 [INFO] Node gateway running on http://localhost:3000
2026-08-06 20:24:40 [INFO] GET /favicon.ico
2026-08-06 20:24:43 [INFO] GET /favicon.ico
2026-08-06 20:24:45 [INFO] POST /api/chatbot/chat
2026-08-06 20:25:00 [INFO] POST /api/chatbot/chat
2026-08-06 20:25:22 [INFO] POST /api/chatbot/chat
2026-08-07 09:07:31 [INFO] Node gateway running on http://localhost:3000
2026-08-07 09:07:36 [INFO] GET /favicon.ico
2026-08-07 09:07:38 [INFO] GET /api/analytics/gamification
2026-08-07 09:07:38 [INFO] GET /api/analytics/overview
2026-08-07 09:07:38 [INFO] GET /api/tests/history
2026-08-07 09:07:38 [INFO] GET /api/analytics/leaderboard
2026-08-07 09:07:38 [INFO] GET /api/notifications
2026-08-07 09:07:38 [INFO] GET /favicon.ico
2026-08-07 09:07:53 [INFO] GET /favicon.ico
2026-08-07 09:07:55 [INFO] POST /api/chatbot/chat
2026-08-07 09:08:16 [INFO] POST /api/chatbot/chat
2026-08-07 09:08:25 [INFO] POST /api/chatbot/chat
2026-08-07 09:34:00 [INFO] GET /api/analytics/overview
2026-08-07 09:34:00 [INFO] GET /api/analytics/gamification
2026-08-07 09:34:00 [INFO] GET /api/tests/history
2026-08-07 09:34:00 [INFO] GET /api/analytics/leaderboard
2026-08-07 09:34:00 [INFO] GET /api/notifications
2026-08-07 09:34:00 [INFO] GET /favicon.ico
2026-08-07 09:34:05 [INFO] GET /api/analytics/overview
2026-08-07 09:34:05 [INFO] GET /api/analytics/gamification
2026-08-07 09:34:05 [INFO] GET /api/tests/history
2026-08-07 09:34:05 [INFO] GET /api/analytics/leaderboard
2026-08-07 09:34:05 [INFO] GET /api/notifications
2026-08-07 09:34:05 [INFO] GET /favicon.ico
2026-08-07 09:34:08 [INFO] GET /favicon.ico
2026-08-07 09:34:14 [INFO] GET /api/analytics/overview
2026-08-07 09:34:14 [INFO] GET /api/analytics/gamification
2026-08-07 09:34:14 [INFO] GET /api/tests/history
2026-08-07 09:34:14 [INFO] GET /api/analytics/leaderboard
2026-08-07 09:34:14 [INFO] GET /api/notifications
2026-08-07 09:34:14 [INFO] GET /favicon.ico
2026-08-07 09:34:18 [INFO] GET /api/analytics/overview
2026-08-07 09:34:18 [INFO] GET /api/analytics/gamification
2026-08-07 09:34:18 [INFO] GET /api/tests/history
2026-08-07 09:34:18 [INFO] GET /api/analytics/leaderboard
2026-08-07 09:34:18 [INFO] GET /api/notifications
2026-08-07 09:34:18 [INFO] GET /favicon.ico
2026-08-07 09:34:36 [INFO] POST /api/auth/login
2026-08-07 09:34:37 [INFO] GET /api/analytics/overview
2026-08-07 09:34:37 [INFO] GET /api/analytics/gamification
2026-08-07 09:34:37 [INFO] GET /api/tests/history
2026-08-07 09:34:37 [INFO] GET /api/notifications
2026-08-07 09:34:37 [INFO] GET /api/analytics/leaderboard
2026-08-07 09:34:38 [INFO] GET /favicon.ico
2026-08-07 09:35:26 [INFO] GET /api/subjects
2026-08-07 09:35:26 [INFO] GET /favicon.ico
2026-08-07 09:35:45 [INFO] GET /api/questions/counts
2026-08-07 09:35:45 [INFO] GET /api/questions
2026-08-07 09:35:45 [INFO] GET /favicon.ico
2026-08-07 09:35:50 [INFO] GET /api/subjects
2026-08-07 09:35:50 [INFO] GET /api/tests/history
2026-08-07 09:35:50 [INFO] GET /favicon.ico
2026-08-07 09:36:08 [INFO] GET /api/tests/history
2026-08-07 09:36:08 [INFO] GET /favicon.ico
2026-08-07 09:36:10 [INFO] GET /api/questions/bookmarks
2026-08-07 09:36:10 [INFO] GET /api/questions/practice/daily
2026-08-07 09:36:10 [INFO] GET /favicon.ico
2026-08-07 09:36:19 [INFO] POST /api/questions/864/attempt
2026-08-07 09:36:25 [INFO] GET /api/ai/ping
2026-08-07 09:36:25 [INFO] GET /favicon.ico
2026-08-07 09:36:31 [INFO] GET /api/ai/explain?method=shap
2026-08-07 09:36:31 [INFO] GET /favicon.ico
2026-08-07 09:36:36 [INFO] GET /api/planner
2026-08-07 09:36:36 [INFO] GET /favicon.ico
2026-08-07 09:36:44 [INFO] GET /api/recommendations
2026-08-07 09:36:44 [INFO] GET /favicon.ico
2026-08-07 09:36:47 [INFO] GET /api/analytics/overview
2026-08-07 09:36:47 [INFO] GET /favicon.ico
2026-08-07 09:36:55 [INFO] GET /api/reports
2026-08-07 09:36:55 [INFO] GET /favicon.ico
2026-08-07 09:36:58 [INFO] GET /favicon.ico
2026-08-07 09:37:45 [INFO] POST /api/chatbot/chat
2026-08-07 09:37:58 [INFO] POST /api/chatbot/chat
2026-08-07 10:12:01 [INFO] GET /api/health
2026-08-07 10:12:54 [INFO] Node gateway running on http://localhost:3000
2026-08-07 10:12:59 [INFO] GET /favicon.ico
2026-08-07 10:13:01 [INFO] GET /api/analytics/overview
2026-08-07 10:13:01 [INFO] GET /api/analytics/gamification
2026-08-07 10:13:01 [INFO] GET /api/tests/history
2026-08-07 10:13:01 [INFO] GET /api/analytics/leaderboard
2026-08-07 10:13:01 [INFO] GET /api/notifications
2026-08-07 10:13:01 [INFO] GET /favicon.ico
2026-08-07 10:13:09 [INFO] GET /favicon.ico
2026-08-07 10:13:12 [INFO] POST /api/chatbot/chat
2026-08-07 10:13:30 [INFO] POST /api/chatbot/chat
2026-08-07 10:14:04 [INFO] POST /api/chatbot/chat
2026-08-07 10:14:19 [INFO] POST /api/chatbot/chat
2026-08-07 10:14:36 [INFO] POST /api/chatbot/chat
2026-08-07 10:18:13 [INFO] GET /api/subjects
2026-08-07 10:18:13 [INFO] GET /api/tests/history
2026-08-07 10:18:13 [INFO] GET /favicon.ico
2026-08-07 10:18:47 [INFO] GET /api/analytics/overview
2026-08-07 10:18:47 [INFO] GET /api/analytics/gamification
2026-08-07 10:18:47 [INFO] GET /api/tests/history
2026-08-07 10:18:47 [INFO] GET /api/notifications
2026-08-07 10:18:47 [INFO] GET /api/analytics/leaderboard
2026-08-07 10:18:47 [INFO] GET /favicon.ico
2026-08-07 10:19:00 [INFO] GET /api/tests/history
2026-08-07 10:19:00 [INFO] GET /favicon.ico
2026-08-07 10:19:06 [INFO] GET /api/ai/ping
2026-08-07 10:19:07 [INFO] GET /favicon.ico
2026-08-07 10:19:14 [INFO] GET /api/analytics/overview
2026-08-07 10:19:14 [INFO] GET /api/analytics/gamification
2026-08-07 10:19:14 [INFO] GET /api/tests/history
2026-08-07 10:19:14 [INFO] GET /api/analytics/leaderboard
2026-08-07 10:19:14 [INFO] GET /api/notifications
2026-08-07 10:19:14 [INFO] GET /favicon.ico
2026-08-07 10:19:39 [INFO] GET /api/questions/counts
2026-08-07 10:19:39 [INFO] GET /api/questions
2026-08-07 10:19:39 [INFO] GET /favicon.ico
2026-08-07 10:47:13 [INFO] GET /api/analytics/overview
2026-08-07 10:47:13 [INFO] GET /api/analytics/gamification
2026-08-07 10:47:13 [INFO] GET /api/tests/history
2026-08-07 10:47:13 [INFO] GET /api/analytics/leaderboard
2026-08-07 10:47:13 [INFO] GET /api/notifications
2026-08-07 10:47:13 [INFO] GET /favicon.ico
2026-08-07 10:47:24 [INFO] GET /api/subjects
2026-08-07 10:47:24 [INFO] GET /favicon.ico
2026-08-07 11:18:10 [INFO] GET /api/tests/reviewed-questions
2026-08-07 11:18:10 [INFO] GET /api/questions/counts
2026-08-07 11:18:10 [INFO] GET /api/questions
2026-08-07 11:18:10 [INFO] GET /favicon.ico
2026-08-07 11:18:12 [INFO] GET /api/subjects
2026-08-07 11:18:12 [INFO] GET /api/tests/history
2026-08-07 11:18:12 [INFO] GET /favicon.ico
2026-08-07 11:19:01 [INFO] GET /api/tests/history
2026-08-07 11:19:01 [INFO] GET /favicon.ico
2026-08-07 11:19:07 [INFO] GET /api/questions/practice/daily
2026-08-07 11:19:07 [INFO] GET /api/questions/bookmarks
2026-08-07 11:19:07 [INFO] GET /favicon.ico
2026-08-07 11:19:18 [INFO] GET /api/tests/history
2026-08-07 11:19:18 [INFO] GET /favicon.ico
2026-08-07 11:19:20 [INFO] GET /api/questions/practice/daily
2026-08-07 11:19:20 [INFO] GET /api/questions/bookmarks
2026-08-07 11:19:20 [INFO] GET /favicon.ico
2026-08-07 11:19:23 [INFO] GET /api/tests/history
2026-08-07 11:19:23 [INFO] GET /favicon.ico
2026-08-07 11:19:27 [INFO] GET /api/questions/practice/daily
2026-08-07 11:19:27 [INFO] GET /api/questions/bookmarks
2026-08-07 11:19:27 [INFO] GET /favicon.ico
2026-08-07 11:19:40 [INFO] POST /api/questions/561/attempt
2026-08-07 11:19:48 [INFO] GET /api/ai/ping
2026-08-07 11:19:48 [INFO] GET /favicon.ico
2026-08-07 11:19:56 [INFO] GET /api/analytics/overview
2026-08-07 11:19:56 [INFO] GET /favicon.ico
2026-08-07 12:23:39 [INFO] Node gateway running on http://localhost:3000
2026-08-07 12:23:43 [INFO] GET /favicon.ico
2026-08-07 12:30:55 [INFO] Node gateway running on http://localhost:3000
2026-08-07 12:30:58 [INFO] GET /api/tests/reviewed-questions
2026-08-07 12:30:58 [INFO] GET /favicon.ico
2026-08-07 12:52:04 [INFO] GET /favicon.ico
2026-08-07 12:57:31 [INFO] GET /api/tests/reviewed-questions
2026-08-07 12:57:31 [INFO] GET /favicon.ico
2026-08-07 13:00:05 [INFO] GET /api/tests/reviewed-questions
2026-08-07 13:00:05 [INFO] GET /favicon.ico
2026-08-07 13:13:48 [INFO] GET /favicon.ico
2026-08-07 13:14:08 [INFO] POST /api/auth/login
2026-08-07 13:14:10 [INFO] GET /api/admin/dashboard
2026-08-07 13:14:10 [INFO] GET /favicon.ico
2026-08-07 13:14:18 [INFO] GET /favicon.ico
2026-08-07 13:14:42 [INFO] POST /api/auth/login
2026-08-07 13:14:43 [INFO] GET /api/admin/dashboard
2026-08-07 13:14:43 [INFO] GET /favicon.ico
2026-08-07 19:40:50 [INFO] Node gateway running on http://localhost:3000
2026-08-07 19:40:54 [INFO] GET /favicon.ico
2026-08-07 19:40:57 [INFO] GET /api/admin/dashboard
2026-08-07 19:40:57 [INFO] GET /favicon.ico
2026-08-07 19:41:01 [INFO] GET /api/admin/users
2026-08-07 19:41:01 [INFO] GET /favicon.ico
2026-08-07 19:41:05 [INFO] GET /api/subjects
2026-08-07 19:41:05 [INFO] GET /favicon.ico
2026-08-07 19:41:07 [INFO] GET /api/subjects
2026-08-07 19:41:07 [INFO] GET /favicon.ico
2026-08-07 21:14:38 [INFO] GET /favicon.ico
2026-08-07 22:25:47 [INFO] Node gateway running on http://localhost:3000
2026-08-07 22:26:22 [INFO] GET /favicon.ico
2026-08-07 22:26:26 [INFO] GET /api/admin/dashboard
2026-08-07 22:26:26 [INFO] GET /favicon.ico
2026-08-07 22:26:28 [INFO] GET /favicon.ico
2026-08-07 22:26:46 [INFO] POST /api/auth/login
2026-08-07 22:30:00 [INFO] GET /api/subjects
2026-08-07 22:30:00 [INFO] GET /api/analytics/overview
2026-08-07 22:30:00 [INFO] GET /api/analytics/gamification
2026-08-07 22:30:00 [INFO] GET /api/analytics/leaderboard
2026-08-07 22:30:00 [INFO] GET /api/notifications
2026-08-07 22:30:00 [INFO] GET /api/tests/history
2026-08-07 22:30:00 [INFO] GET /favicon.ico
2026-08-07 22:35:09 [INFO] Node gateway running on http://localhost:3000
2026-08-07 22:35:24 [INFO] GET /favicon.ico
2026-08-07 22:35:45 [INFO] POST /api/auth/login
2026-08-07 22:35:46 [INFO] GET /api/analytics/overview
2026-08-07 22:35:46 [INFO] GET /api/analytics/gamification
2026-08-07 22:35:46 [INFO] GET /api/tests/history
2026-08-07 22:35:46 [INFO] GET /api/analytics/leaderboard
2026-08-07 22:35:46 [INFO] GET /api/notifications
2026-08-07 22:35:46 [INFO] GET /favicon.ico
2026-08-07 22:35:50 [INFO] GET /api/subjects
2026-08-07 22:35:50 [INFO] GET /favicon.ico
2026-08-07 22:35:56 [INFO] GET /api/subjects/1/topics
2026-08-07 22:36:10 [INFO] GET /favicon.ico
2026-08-07 22:36:13 [INFO] GET /api/tests/reviewed-questions
2026-08-07 22:36:13 [INFO] GET /favicon.ico
2026-08-07 22:36:17 [INFO] GET /api/subjects
2026-08-07 22:36:17 [INFO] GET /api/tests/history
2026-08-07 22:36:17 [INFO] GET /favicon.ico
2026-08-07 22:36:28 [INFO] POST /api/tests/start
2026-08-07 22:36:51 [INFO] POST /api/tests/1/submit
2026-08-07 22:36:51 [INFO] GET /api/tests/1/result
2026-08-07 22:36:51 [INFO] GET /api/tests/history
2026-08-07 22:36:51 [INFO] GET /favicon.ico
2026-08-07 22:36:59 [INFO] GET /api/tests/reviewed-questions
2026-08-07 22:36:59 [INFO] GET /favicon.ico
2026-08-08 09:09:18 [INFO] Node gateway running on http://localhost:3000
2026-08-08 09:09:27 [INFO] GET /favicon.ico
2026-08-08 09:09:29 [INFO] GET /api/analytics/overview
2026-08-08 09:09:29 [INFO] GET /api/analytics/leaderboard
2026-08-08 09:09:30 [INFO] GET /api/analytics/gamification
2026-08-08 09:09:30 [INFO] GET /api/tests/history
2026-08-08 09:09:30 [INFO] GET /api/notifications
2026-08-08 09:09:30 [INFO] GET /favicon.ico
2026-08-08 09:09:36 [INFO] GET /api/subjects
2026-08-08 09:09:36 [INFO] GET /favicon.ico
2026-08-08 09:10:16 [INFO] GET /api/tests/reviewed-questions
2026-08-08 09:10:16 [INFO] GET /favicon.ico
2026-08-08 09:10:18 [INFO] GET /api/subjects
2026-08-08 09:10:18 [INFO] GET /api/tests/history
2026-08-08 09:10:18 [INFO] GET /favicon.ico
2026-08-08 09:10:30 [INFO] GET /api/tests/history
2026-08-08 09:10:30 [INFO] GET /favicon.ico
2026-08-08 09:10:36 [INFO] GET /api/questions/practice/daily
2026-08-08 09:10:36 [INFO] GET /api/questions/bookmarks
2026-08-08 09:10:36 [INFO] GET /favicon.ico
2026-08-08 09:10:43 [INFO] GET /api/ai/ping
2026-08-08 09:10:43 [INFO] GET /favicon.ico
2026-08-08 09:10:46 [INFO] GET /api/ai/explain?method=shap
2026-08-08 09:10:46 [INFO] GET /favicon.ico
2026-08-08 09:10:56 [INFO] GET /api/ai/ping
2026-08-08 09:10:56 [INFO] GET /favicon.ico
2026-08-08 09:10:57 [INFO] GET /api/ai/explain?method=shap
2026-08-08 09:10:57 [INFO] GET /favicon.ico
2026-08-08 09:10:58 [INFO] GET /api/ai/ping
2026-08-08 09:10:58 [INFO] GET /favicon.ico
2026-08-08 09:10:59 [INFO] GET /api/ai/predict
2026-08-08 09:11:14 [INFO] GET /api/ai/explain?method=shap
2026-08-08 09:11:14 [INFO] GET /favicon.ico
2026-08-08 09:11:16 [INFO] GET /api/planner
2026-08-08 09:11:16 [INFO] GET /favicon.ico
2026-08-08 09:11:24 [INFO] POST /api/planner/generate
2026-08-08 09:11:25 [INFO] GET /api/planner
2026-08-08 09:11:25 [INFO] GET /api/planner
2026-08-08 09:11:30 [INFO] GET /api/planner
2026-08-08 09:11:35 [INFO] GET /api/recommendations
2026-08-08 09:11:35 [INFO] GET /favicon.ico
2026-08-08 09:11:39 [INFO] GET /api/analytics/overview
2026-08-08 09:11:39 [INFO] GET /favicon.ico
2026-08-08 09:11:49 [INFO] GET /api/reports
2026-08-08 09:11:49 [INFO] GET /favicon.ico
2026-08-08 09:11:56 [INFO] POST /api/reports/generate
2026-08-08 09:11:56 [INFO] GET /api/reports
2026-08-08 09:12:06 [INFO] GET /favicon.ico
2026-08-08 09:12:12 [INFO] POST /api/chatbot/chat
2026-08-08 09:12:21 [INFO] POST /api/chatbot/chat
2026-08-08 09:12:25 [INFO] GET /api/students/me
2026-08-08 09:12:25 [INFO] GET /favicon.ico
2026-08-08 09:12:33 [INFO] PUT /api/students/me
2026-08-08 09:12:33 [INFO] GET /api/students/me
2026-08-08 09:12:36 [INFO] GET /api/subjects
2026-08-08 09:12:36 [INFO] GET /favicon.ico
2026-08-08 09:13:07 [INFO] GET /api/analytics/overview
2026-08-08 09:13:07 [INFO] GET /favicon.ico
2026-08-08 09:18:23 [INFO] GET /api/ai/ping
2026-08-08 09:18:23 [INFO] GET /favicon.ico
2026-08-08 09:21:59 [INFO] GET /api/subjects
2026-08-08 09:21:59 [INFO] GET /favicon.ico
2026-08-08 09:22:09 [INFO] GET /api/subjects/1/topics
2026-08-08 09:22:13 [INFO] GET /favicon.ico
2026-08-08 09:22:15 [INFO] GET /api/analytics/overview
2026-08-08 09:22:15 [INFO] GET /api/analytics/gamification
2026-08-08 09:22:15 [INFO] GET /api/analytics/leaderboard
2026-08-08 09:22:15 [INFO] GET /api/notifications
2026-08-08 09:22:15 [INFO] GET /api/tests/history
2026-08-08 09:22:15 [INFO] GET /favicon.ico
2026-08-08 09:22:15 [INFO] GET /api/subjects
2026-08-08 09:22:15 [INFO] GET /favicon.ico
2026-08-08 09:22:18 [INFO] GET /api/subjects/1/topics
2026-08-08 09:24:08 [INFO] GET /api/ai/ping
2026-08-08 09:24:08 [INFO] GET /favicon.ico
2026-08-08 09:29:14 [INFO] POST /api/auth/login
2026-08-08 09:29:18 [INFO] GET /api/ai/predict
2026-08-08 09:29:24 [INFO] GET /api/ai/predict
2026-08-08 09:33:29 [INFO] GET /api/ai/predict
2026-08-08 09:33:35 [INFO] GET /api/ai/predict
2026-08-08 09:34:44 [INFO] GET /api/ai/ping
2026-08-08 09:34:44 [INFO] GET /api/ai/predict
2026-08-08 09:35:01 [INFO] GET /api/ai/ping
2026-08-08 09:35:01 [INFO] GET /favicon.ico
2026-08-08 09:35:02 [INFO] GET /api/ai/predict
2026-08-08 09:35:25 [INFO] GET /api/ai/explain?method=shap
2026-08-08 09:35:25 [INFO] GET /favicon.ico
2026-08-08 09:35:29 [INFO] GET /api/ai/explain?method=lime
2026-08-08 09:35:30 [INFO] GET /api/ai/explain?method=shap
2026-08-08 09:35:33 [INFO] GET /favicon.ico
2026-08-08 09:35:43 [INFO] GET /api/ai/explain?method=shap
2026-08-08 09:35:43 [INFO] GET /favicon.ico
2026-08-08 09:35:46 [INFO] GET /api/ai/ping
2026-08-08 09:35:46 [INFO] GET /favicon.ico
2026-08-08 09:35:47 [INFO] GET /api/planner
2026-08-08 09:35:47 [INFO] GET /favicon.ico
2026-08-08 09:35:47 [INFO] GET /api/planner
2026-08-08 09:35:49 [INFO] GET /api/ai/ping
2026-08-08 09:35:49 [INFO] GET /favicon.ico
2026-08-08 09:36:52 [INFO] GET /api/ai/explain?method=shap
2026-08-08 09:36:52 [INFO] GET /favicon.ico
2026-08-08 09:36:55 [INFO] GET /api/ai/ping
2026-08-08 09:36:55 [INFO] GET /favicon.ico
2026-08-08 09:38:06 [INFO] GET /api/ai/explain?method=shap
2026-08-08 09:38:37 [INFO] GET /api/ai/explain?method=lime
2026-08-08 09:38:46 [INFO] GET /api/ai/ping
2026-08-08 09:38:46 [INFO] GET /favicon.ico
2026-08-08 09:38:48 [INFO] GET /api/ai/predict
2026-08-08 09:38:50 [INFO] GET /api/ai/explain?method=shap
2026-08-08 09:38:50 [INFO] GET /favicon.ico
2026-08-08 09:38:58 [INFO] GET /favicon.ico
2026-08-08 09:39:02 [INFO] GET /api/ai/explain?method=shap
2026-08-08 09:39:02 [INFO] GET /favicon.ico
2026-08-08 09:39:07 [INFO] GET /api/ai/ping
2026-08-08 09:39:07 [INFO] GET /favicon.ico
2026-08-08 09:39:11 [INFO] GET /api/ai/predict
2026-08-08 09:39:16 [INFO] GET /api/ai/explain?method=shap
2026-08-08 09:39:16 [INFO] GET /favicon.ico
2026-08-08 09:39:23 [INFO] GET /api/planner
2026-08-08 09:39:23 [INFO] GET /favicon.ico
2026-08-08 09:39:23 [INFO] GET /api/planner
2026-08-08 09:39:30 [INFO] POST /api/planner/generate
2026-08-08 09:39:30 [INFO] GET /api/planner
2026-08-08 09:39:30 [INFO] GET /api/planner
2026-08-08 09:39:37 [INFO] GET /api/analytics/overview
2026-08-08 09:39:37 [INFO] GET /favicon.ico
2026-08-08 09:39:41 [INFO] GET /api/reports
2026-08-08 09:39:41 [INFO] GET /favicon.ico
2026-08-08 09:39:45 [INFO] GET /api/planner
2026-08-08 09:39:45 [INFO] GET /favicon.ico
2026-08-08 09:39:45 [INFO] GET /api/planner
2026-08-08 09:39:47 [INFO] GET /api/recommendations
2026-08-08 09:39:47 [INFO] GET /favicon.ico
2026-08-08 09:40:01 [INFO] GET /api/analytics/overview
2026-08-08 09:40:01 [INFO] GET /favicon.ico
2026-08-08 09:40:05 [INFO] GET /api/reports
2026-08-08 09:40:05 [INFO] GET /favicon.ico
2026-08-08 09:40:07 [INFO] GET /favicon.ico
2026-08-08 09:40:09 [INFO] GET /api/students/me
2026-08-08 09:40:09 [INFO] GET /favicon.ico
2026-08-08 09:40:27 [INFO] GET /api/analytics/overview
2026-08-08 09:40:27 [INFO] GET /api/analytics/gamification
2026-08-08 09:40:27 [INFO] GET /api/tests/history
2026-08-08 09:40:27 [INFO] GET /api/analytics/leaderboard
2026-08-08 09:40:27 [INFO] GET /api/notifications
2026-08-08 09:40:27 [INFO] GET /favicon.ico
2026-08-08 10:27:30 [INFO] GET /favicon.ico
2026-08-08 10:27:33 [INFO] GET /favicon.ico
2026-08-08 10:27:39 [INFO] GET /favicon.ico
2026-08-08 10:27:40 [INFO] GET /favicon.ico
2026-08-08 10:27:40 [INFO] GET /api/reports
2026-08-08 10:27:41 [INFO] GET /favicon.ico
2026-08-08 10:27:41 [INFO] GET /api/analytics/overview
2026-08-08 10:27:41 [INFO] GET /favicon.ico
2026-08-08 10:27:41 [INFO] GET /api/recommendations
2026-08-08 10:27:42 [INFO] GET /favicon.ico
2026-08-08 10:27:42 [INFO] GET /api/planner
2026-08-08 10:27:42 [INFO] GET /favicon.ico
2026-08-08 10:27:42 [INFO] GET /api/reports
2026-08-08 10:27:42 [INFO] GET /favicon.ico
2026-08-08 10:27:42 [INFO] GET /api/analytics/overview
2026-08-08 10:27:42 [INFO] GET /favicon.ico
2026-08-08 10:27:43 [INFO] GET /api/planner
2026-08-08 10:27:43 [INFO] GET /favicon.ico
2026-08-08 10:27:43 [INFO] GET /api/ai/explain?method=shap
2026-08-08 10:27:43 [INFO] GET /favicon.ico
2026-08-08 10:27:43 [INFO] GET /api/ai/ping
2026-08-08 10:27:43 [INFO] GET /favicon.ico
2026-08-08 10:27:43 [INFO] GET /api/ai/explain?method=shap
2026-08-08 10:27:44 [INFO] GET /favicon.ico
2026-08-08 10:30:19 [INFO] GET /favicon.ico
2026-08-08 10:30:34 [INFO] GET /favicon.ico
2026-08-08 10:31:32 [INFO] GET /favicon.ico
2026-08-08 10:32:09 [INFO] GET /favicon.ico
2026-08-08 10:33:14 [INFO] POST /api/auth/login
2026-08-08 10:33:16 [INFO] GET /api/tests/history
2026-08-08 10:33:16 [INFO] GET /api/analytics/overview
2026-08-08 10:33:16 [INFO] GET /api/analytics/gamification
2026-08-08 10:33:16 [INFO] GET /api/notifications
2026-08-08 10:33:16 [INFO] GET /api/analytics/leaderboard
2026-08-08 10:33:16 [INFO] GET /favicon.ico
2026-08-08 10:33:56 [INFO] GET /favicon.ico
2026-08-08 10:34:01 [INFO] POST /api/auth/login
2026-08-08 10:34:02 [INFO] GET /api/analytics/overview
2026-08-08 10:34:02 [INFO] GET /api/analytics/gamification
2026-08-08 10:34:02 [INFO] GET /api/tests/history
2026-08-08 10:34:02 [INFO] GET /api/analytics/leaderboard
2026-08-08 10:34:02 [INFO] GET /api/notifications
2026-08-08 10:34:02 [INFO] GET /favicon.ico
2026-08-08 10:43:49 [INFO] GET /favicon.ico
2026-08-08 10:44:02 [INFO] POST /api/auth/login
2026-08-08 10:44:04 [INFO] GET /api/analytics/overview
2026-08-08 10:44:04 [INFO] GET /api/analytics/gamification
2026-08-08 10:44:04 [INFO] GET /api/tests/history
2026-08-08 10:44:04 [INFO] GET /api/analytics/leaderboard
2026-08-08 10:44:04 [INFO] GET /api/notifications
2026-08-08 10:44:04 [INFO] GET /favicon.ico
2026-08-08 10:44:07 [INFO] GET /api/ai/ping
2026-08-08 10:44:07 [INFO] GET /favicon.ico
2026-08-08 10:44:09 [INFO] GET /api/ai/predict
2026-08-08 10:44:11 [INFO] GET /api/ai/explain?method=shap
2026-08-08 10:44:11 [INFO] GET /favicon.ico
2026-08-08 10:44:13 [INFO] GET /api/planner
2026-08-08 10:44:13 [INFO] GET /favicon.ico
2026-08-08 10:44:13 [INFO] GET /api/planner
2026-08-08 10:44:21 [INFO] GET /api/recommendations
2026-08-08 10:44:21 [INFO] GET /favicon.ico
2026-08-08 10:44:24 [INFO] GET /api/planner
2026-08-08 10:44:24 [INFO] GET /favicon.ico
2026-08-08 10:44:24 [INFO] GET /api/planner
2026-08-08 10:44:25 [INFO] GET /api/analytics/overview
2026-08-08 10:44:25 [INFO] GET /favicon.ico
2026-08-08 10:44:29 [INFO] GET /api/reports
2026-08-08 10:44:29 [INFO] GET /favicon.ico
2026-08-08 10:44:31 [INFO] GET /api/planner
2026-08-08 10:44:31 [INFO] GET /favicon.ico
2026-08-08 10:44:31 [INFO] GET /api/planner
2026-08-08 10:45:38 [INFO] GET /api/health
2026-08-08 10:45:55 [INFO] POST /api/auth/login
2026-08-08 10:46:01 [INFO] GET /api/planner
2026-08-08 10:46:02 [INFO] GET /api/recommendations
2026-08-08 10:46:10 [INFO] POST /api/planner/generate
2026-08-08 10:46:11 [INFO] POST /api/recommendations/generate
2026-08-08 10:46:56 [INFO] GET /api/recommendations
2026-08-08 10:46:57 [INFO] GET /api/planner
2026-08-08 10:47:10 [INFO] POST /api/auth/login
2026-08-08 10:47:56 [INFO] POST /api/auth/login
2026-08-08 10:47:56 [INFO] POST /api/recommendations/generate
2026-08-08 11:45:21 [INFO] GET /api/ai/explain?method=shap
2026-08-08 11:45:21 [INFO] GET /favicon.ico
2026-08-08 11:45:24 [INFO] GET /api/ai/ping
2026-08-08 11:45:24 [INFO] GET /favicon.ico
2026-08-08 11:45:27 [INFO] GET /api/planner
2026-08-08 11:45:27 [INFO] GET /favicon.ico
2026-08-08 11:45:27 [INFO] GET /api/planner
2026-08-08 11:45:45 [INFO] POST /api/planner/generate
2026-08-08 11:45:45 [INFO] GET /api/planner
2026-08-08 11:45:45 [INFO] GET /api/planner
2026-08-08 11:45:56 [INFO] POST /api/planner/generate
2026-08-08 11:45:56 [INFO] GET /api/planner
2026-08-08 11:45:56 [INFO] GET /api/planner
2026-08-08 11:46:03 [INFO] POST /api/planner/generate
2026-08-08 11:46:03 [INFO] GET /api/planner
2026-08-08 11:46:03 [INFO] GET /api/planner
2026-08-08 11:53:07 [INFO] GET /favicon.ico
2026-08-08 11:57:14 [INFO] GET /api/subjects
2026-08-08 11:57:14 [INFO] GET /favicon.ico
2026-08-08 11:57:25 [INFO] GET /api/subjects/1/topics
2026-08-08 11:57:31 [INFO] POST /api/planner/generate
2026-08-08 11:57:41 [INFO] GET /favicon.ico
2026-08-08 11:57:44 [INFO] GET /api/ai/ping
2026-08-08 11:57:44 [INFO] GET /favicon.ico
2026-08-08 11:57:45 [INFO] GET /api/subjects
2026-08-08 11:57:45 [INFO] GET /favicon.ico
2026-08-08 12:01:38 [INFO] GET /api/subjects
2026-08-08 12:01:38 [INFO] GET /api/planner
2026-08-08 12:01:38 [INFO] GET /favicon.ico
2026-08-08 12:01:47 [INFO] GET /api/subjects/3/topics
2026-08-08 12:01:53 [INFO] POST /api/planner/generate
2026-08-08 12:01:53 [INFO] GET /api/planner
2026-08-08 12:01:58 [INFO] GET /api/planner
2026-08-08 12:02:00 [INFO] GET /api/planner
2026-08-08 12:03:34 [INFO] GET /api/subjects
2026-08-08 12:03:34 [INFO] GET /api/planner
2026-08-08 12:03:34 [INFO] GET /favicon.ico
2026-08-08 12:06:11 [INFO] GET /api/subjects
2026-08-08 12:06:11 [INFO] GET /api/planner
2026-08-08 12:06:11 [INFO] GET /favicon.ico
2026-08-08 12:10:45 [INFO] GET /api/subjects
2026-08-08 12:10:45 [INFO] GET /api/planner
2026-08-08 12:10:45 [INFO] GET /favicon.ico
2026-08-08 12:10:54 [INFO] GET /api/subjects/3/topics
2026-08-08 12:10:57 [INFO] POST /api/planner/generate
2026-08-08 12:10:57 [INFO] GET /api/planner
2026-08-08 12:11:01 [INFO] GET /api/planner
2026-08-08 12:11:02 [INFO] GET /api/planner
2026-08-08 12:11:02 [INFO] GET /api/planner
2026-08-08 12:24:50 [INFO] GET /api/analytics/overview
2026-08-08 12:24:50 [INFO] GET /favicon.ico
2026-08-08 12:25:47 [INFO] GET /api/analytics/overview
2026-08-08 12:25:47 [INFO] GET /api/analytics/gamification
2026-08-08 12:25:47 [INFO] GET /api/tests/history
2026-08-08 12:25:47 [INFO] GET /api/analytics/leaderboard
2026-08-08 12:25:47 [INFO] GET /api/notifications
2026-08-08 12:25:47 [INFO] GET /favicon.ico
2026-08-08 12:25:49 [INFO] GET /api/subjects
2026-08-08 12:25:49 [INFO] GET /favicon.ico
2026-08-08 12:31:58 [INFO] GET /api/subjects
2026-08-08 12:31:58 [INFO] GET /favicon.ico
2026-08-08 12:32:00 [INFO] GET /api/study-plans
2026-08-08 12:32:00 [INFO] GET /api/subjects
2026-08-08 12:32:00 [INFO] GET /favicon.ico
2026-08-08 12:32:09 [INFO] GET /api/subjects/2/topics
2026-08-08 12:32:56 [INFO] POST /api/study-plans/generate
2026-08-08 12:32:57 [INFO] POST /api/study-plans/generate
2026-08-08 12:32:59 [INFO] POST /api/study-plans/generate
2026-08-08 12:33:10 [INFO] POST /api/study-plans/generate
2026-08-08 12:36:13 [INFO] Node gateway running on http://localhost:3000
2026-08-08 12:36:21 [INFO] GET /favicon.ico
2026-08-08 12:36:29 [INFO] GET /api/analytics/overview
2026-08-08 12:36:29 [INFO] GET /api/analytics/gamification
2026-08-08 12:36:29 [INFO] GET /api/tests/history
2026-08-08 12:36:29 [INFO] GET /api/analytics/leaderboard
2026-08-08 12:36:29 [INFO] GET /api/notifications
2026-08-08 12:36:29 [INFO] GET /favicon.ico
2026-08-08 12:36:35 [INFO] GET /api/subjects
2026-08-08 12:36:35 [INFO] GET /api/study-plans
2026-08-08 12:36:35 [INFO] GET /favicon.ico
2026-08-08 12:37:11 [INFO] GET /api/subjects/11/topics
2026-08-08 12:37:24 [INFO] POST /api/study-plans/generate
2026-08-08 12:37:24 [INFO] GET /api/study-plans
2026-08-08 12:37:47 [INFO] PUT /api/study-plans/sessions/1/complete
2026-08-08 12:37:47 [INFO] GET /api/study-plans/10
2026-08-08 12:37:51 [INFO] GET /api/recommendations
2026-08-08 12:37:51 [INFO] GET /favicon.ico
2026-08-08 12:38:39 [INFO] GET /planner
2026-08-08 12:38:39 [INFO] GET /favicon.ico
2026-08-08 12:38:48 [INFO] GET /planner
2026-08-08 12:38:48 [INFO] GET /favicon.ico
2026-08-08 12:40:00 [INFO] GET /api/study-plans
2026-08-08 12:40:00 [INFO] GET /api/subjects
2026-08-08 12:40:00 [INFO] GET /favicon.ico
2026-08-08 12:41:49 [INFO] GET /api/subjects
2026-08-08 12:41:49 [INFO] GET /favicon.ico
2026-08-08 12:41:55 [INFO] GET /api/analytics/overview
2026-08-08 12:41:55 [INFO] GET /favicon.ico
2026-08-08 12:42:22 [INFO] GET /api/reports
2026-08-08 12:42:22 [INFO] GET /favicon.ico
2026-08-08 12:42:32 [INFO] POST /api/reports/generate
2026-08-08 12:42:32 [INFO] GET /api/reports
2026-08-08 12:42:58 [INFO] GET /api/analytics/overview
2026-08-08 12:42:58 [INFO] GET /favicon.ico
2026-08-08 12:46:21 [INFO] GET /api/analytics/overview
2026-08-08 12:46:21 [INFO] GET /favicon.ico
2026-08-08 12:46:43 [INFO] GET /api/reports
2026-08-08 12:46:43 [INFO] GET /favicon.ico
2026-08-08 12:53:16 [INFO] GET /api/reports
2026-08-08 12:53:16 [INFO] GET /favicon.ico
2026-08-08 12:53:19 [INFO] POST /api/reports/generate
2026-08-08 12:53:19 [INFO] GET /api/reports
2026-08-08 12:53:24 [INFO] GET /api/reports/3/download?format=pdf
2026-08-08 12:53:39 [INFO] Node gateway running on http://localhost:3000
2026-08-08 12:53:44 [INFO] GET /api/reports
2026-08-08 12:53:44 [INFO] GET /favicon.ico
2026-08-08 12:53:48 [INFO] GET /api/reports/3/download?format=pdf
2026-08-08 13:04:00 [INFO] Node gateway running on http://localhost:3000
2026-08-08 13:11:09 [INFO] Node gateway running on http://localhost:3000
2026-08-08 13:11:18 [INFO] GET /favicon.ico
2026-08-08 13:11:21 [INFO] GET /api/analytics/overview
2026-08-08 13:11:21 [INFO] GET /api/analytics/gamification
2026-08-08 13:11:21 [INFO] GET /api/tests/history
2026-08-08 13:11:21 [INFO] GET /api/analytics/leaderboard
2026-08-08 13:11:21 [INFO] GET /api/notifications
2026-08-08 13:11:21 [INFO] GET /favicon.ico
2026-08-08 13:11:24 [INFO] GET /api/analytics/overview
2026-08-08 13:11:24 [INFO] GET /favicon.ico
2026-08-08 13:11:36 [INFO] GET /api/reports
2026-08-08 13:11:36 [INFO] GET /favicon.ico
2026-08-08 13:11:40 [INFO] GET /api/reports/3/download?format=pdf
2026-08-08 13:12:14 [INFO] GET /api/reports/3/download?format=pdf
2026-08-09 19:39:11 [INFO] Node gateway running on http://localhost:3000
2026-08-09 19:39:16 [INFO] GET /favicon.ico
2026-08-09 19:39:31 [INFO] GET /favicon.ico
2026-08-09 19:39:31 [INFO] GET /favicon.ico
2026-08-09 19:39:36 [INFO] GET /api/analytics/overview
2026-08-09 19:39:36 [INFO] GET /api/analytics/gamification
2026-08-09 19:39:36 [INFO] GET /api/tests/history
2026-08-09 19:39:36 [INFO] GET /api/analytics/leaderboard
2026-08-09 19:39:36 [INFO] GET /api/notifications
2026-08-09 19:39:36 [INFO] GET /favicon.ico
2026-08-09 19:39:39 [INFO] GET /api/subjects
2026-08-09 19:39:39 [INFO] GET /favicon.ico
2026-08-09 19:39:56 [INFO] POST /api/auth/login
2026-08-09 19:40:18 [INFO] POST /api/auth/login
2026-08-09 19:40:20 [INFO] GET /api/analytics/overview
2026-08-09 19:40:20 [INFO] GET /api/analytics/gamification
2026-08-09 19:40:20 [INFO] GET /api/tests/history
2026-08-09 19:40:20 [INFO] GET /api/analytics/leaderboard
2026-08-09 19:40:20 [INFO] GET /api/notifications
2026-08-09 19:40:20 [INFO] GET /favicon.ico
2026-08-09 19:40:23 [INFO] GET /api/subjects
2026-08-09 19:40:23 [INFO] GET /favicon.ico
2026-08-09 19:40:46 [INFO] GET /api/tests/reviewed-questions
2026-08-09 19:40:46 [INFO] GET /favicon.ico
2026-08-09 19:40:48 [INFO] GET /api/subjects
2026-08-09 19:40:48 [INFO] GET /api/tests/history
2026-08-09 19:40:48 [INFO] GET /favicon.ico
2026-08-09 19:40:57 [INFO] GET /api/tests/history
2026-08-09 19:40:57 [INFO] GET /favicon.ico
2026-08-09 19:41:02 [INFO] GET /api/questions/practice/daily
2026-08-09 19:41:02 [INFO] GET /api/questions/bookmarks
2026-08-09 19:41:02 [INFO] GET /favicon.ico
2026-08-09 19:41:03 [INFO] GET /api/ai/ping
2026-08-09 19:41:03 [INFO] GET /favicon.ico
2026-08-09 19:41:05 [INFO] GET /api/ai/predict
2026-08-09 19:41:09 [INFO] GET /api/ai/explain?method=shap
2026-08-09 19:41:09 [INFO] GET /favicon.ico
2026-08-09 19:41:14 [INFO] GET /api/subjects
2026-08-09 19:41:14 [INFO] GET /favicon.ico
2026-08-09 19:41:17 [INFO] GET /api/recommendations
2026-08-09 19:41:17 [INFO] GET /favicon.ico
2026-08-09 19:41:21 [INFO] GET /api/analytics/overview
2026-08-09 19:41:21 [INFO] GET /favicon.ico
2026-08-09 19:41:24 [INFO] GET /favicon.ico
2026-08-09 19:41:26 [INFO] POST /api/chatbot/chat
2026-08-09 19:41:38 [INFO] POST /api/chatbot/chat
2026-08-09 19:47:52 [INFO] GET /api/health
2026-08-09 19:51:59 [INFO] GET /favicon.ico
2026-08-09 19:52:13 [INFO] POST /api/chatbot/chat
2026-08-09 19:52:32 [INFO] GET /api/analytics/overview
2026-08-09 19:52:32 [INFO] GET /api/analytics/gamification
2026-08-09 19:52:32 [INFO] GET /api/tests/history
2026-08-09 19:52:32 [INFO] GET /api/analytics/leaderboard
2026-08-09 19:52:32 [INFO] GET /api/notifications
2026-08-09 19:52:32 [INFO] GET /favicon.ico
2026-08-09 19:52:39 [INFO] GET /api/recommendations
2026-08-09 19:52:39 [INFO] GET /favicon.ico
2026-08-09 19:55:12 [INFO] GET /planner
2026-08-09 19:55:12 [INFO] GET /favicon.ico
2026-08-09 19:57:59 [INFO] GET /api/recommendations
2026-08-09 19:57:59 [INFO] GET /favicon.ico
2026-08-09 19:59:18 [INFO] GET /api/recommendations
2026-08-09 19:59:18 [INFO] GET /favicon.ico
2026-08-09 20:01:22 [INFO] Node gateway running on http://localhost:3000
2026-08-09 20:01:26 [INFO] GET /api/recommendations
2026-08-09 20:01:26 [INFO] GET /favicon.ico
2026-08-09 20:01:30 [INFO] GET /planner
2026-08-09 20:01:30 [INFO] GET /favicon.ico
2026-08-09 20:01:33 [INFO] GET /planner
2026-08-09 20:01:33 [INFO] GET /favicon.ico
2026-08-09 20:01:37 [INFO] GET /api/analytics/overview
2026-08-09 20:01:37 [INFO] GET /api/analytics/gamification
2026-08-09 20:01:37 [INFO] GET /api/tests/history
2026-08-09 20:01:37 [INFO] GET /api/analytics/leaderboard
2026-08-09 20:01:37 [INFO] GET /api/notifications
2026-08-09 20:01:37 [INFO] GET /favicon.ico
2026-08-09 20:01:54 [INFO] GET /api/tests/history
2026-08-09 20:01:54 [INFO] GET /favicon.ico
2026-08-09 20:01:55 [INFO] GET /api/questions/practice/daily
2026-08-09 20:01:55 [INFO] GET /api/questions/bookmarks
2026-08-09 20:01:55 [INFO] GET /favicon.ico
2026-08-09 20:01:56 [INFO] GET /api/ai/ping
2026-08-09 20:01:56 [INFO] GET /favicon.ico
2026-08-09 20:01:57 [INFO] GET /api/ai/explain?method=shap
2026-08-09 20:01:57 [INFO] GET /favicon.ico
2026-08-09 20:02:02 [INFO] GET /api/subjects
2026-08-09 20:02:02 [INFO] GET /favicon.ico
2026-08-09 20:02:08 [INFO] GET /api/recommendations
2026-08-09 20:02:08 [INFO] GET /favicon.ico
2026-08-09 20:02:11 [INFO] GET /planner
2026-08-09 20:02:11 [INFO] GET /favicon.ico
2026-08-09 20:02:57 [INFO] GET /planner
2026-08-09 20:02:57 [INFO] GET /favicon.ico
2026-08-09 20:04:21 [INFO] GET /favicon.ico
2026-08-09 20:04:23 [INFO] GET /api/analytics/overview
2026-08-09 20:04:23 [INFO] GET /api/analytics/gamification
2026-08-09 20:04:23 [INFO] GET /api/tests/history
2026-08-09 20:04:23 [INFO] GET /api/analytics/leaderboard
2026-08-09 20:04:23 [INFO] GET /api/notifications
2026-08-09 20:04:23 [INFO] GET /favicon.ico
2026-08-09 20:04:26 [INFO] GET /api/recommendations
2026-08-09 20:04:26 [INFO] GET /favicon.ico
2026-08-09 20:04:30 [INFO] GET /planner
2026-08-09 20:04:30 [INFO] GET /favicon.ico
2026-08-09 20:09:49 [INFO] GET /api/recommendations
2026-08-09 20:09:49 [INFO] GET /favicon.ico
2026-08-09 20:20:44 [INFO] GET /api/recommendations
2026-08-09 20:20:44 [INFO] GET /favicon.ico
2026-08-09 20:21:41 [INFO] GET /api/analytics/overview
2026-08-09 20:21:41 [INFO] GET /api/analytics/gamification
2026-08-09 20:21:41 [INFO] GET /api/tests/history
2026-08-09 20:21:41 [INFO] GET /api/analytics/leaderboard
2026-08-09 20:21:42 [INFO] GET /api/notifications
2026-08-09 20:21:42 [INFO] GET /favicon.ico
2026-08-09 20:21:46 [INFO] GET /api/subjects
2026-08-09 20:21:46 [INFO] GET /api/tests/history
2026-08-09 20:21:46 [INFO] GET /favicon.ico
2026-08-09 20:21:47 [INFO] GET /api/analytics/overview
2026-08-09 20:21:47 [INFO] GET /api/analytics/gamification
2026-08-09 20:21:47 [INFO] GET /api/tests/history
2026-08-09 20:21:47 [INFO] GET /api/analytics/leaderboard
2026-08-09 20:21:47 [INFO] GET /api/notifications
2026-08-09 20:21:47 [INFO] GET /favicon.ico
2026-08-09 20:21:51 [INFO] GET /api/subjects
2026-08-09 20:21:51 [INFO] GET /favicon.ico
2026-08-09 20:21:58 [INFO] GET /api/tests/reviewed-questions
2026-08-09 20:21:58 [INFO] GET /favicon.ico
2026-08-09 20:22:00 [INFO] GET /api/subjects
2026-08-09 20:22:00 [INFO] GET /api/tests/history
2026-08-09 20:22:00 [INFO] GET /favicon.ico
2026-08-09 20:22:07 [INFO] GET /api/tests/history
2026-08-09 20:22:07 [INFO] GET /favicon.ico
2026-08-09 20:22:11 [INFO] GET /api/questions/practice/daily
2026-08-09 20:22:11 [INFO] GET /api/questions/bookmarks
2026-08-09 20:22:11 [INFO] GET /favicon.ico
2026-08-09 20:22:14 [INFO] GET /favicon.ico
2026-08-09 20:22:18 [INFO] GET /api/students/me
2026-08-09 20:22:19 [INFO] GET /favicon.ico
2026-08-09 20:23:28 [INFO] GET /api/subjects
2026-08-09 20:23:28 [INFO] GET /favicon.ico
2026-08-09 20:41:17 [INFO] GET /api/subjects
2026-08-09 20:41:17 [INFO] GET /favicon.ico
2026-08-09 20:41:43 [INFO] GET /api/subjects/43/topics
2026-08-09 20:42:20 [INFO] GET /favicon.ico
2026-08-09 20:42:23 [INFO] GET /api/subjects
2026-08-09 20:42:23 [INFO] GET /favicon.ico
2026-08-10 14:55:58 [INFO] Node gateway running on http://localhost:3000
2026-08-10 14:56:13 [INFO] GET /favicon.ico
2026-08-10 14:56:27 [INFO] GET /api/analytics/overview
2026-08-10 14:56:27 [INFO] GET /api/analytics/gamification
2026-08-10 14:56:27 [INFO] GET /api/tests/history
2026-08-10 14:56:27 [INFO] GET /api/analytics/leaderboard
2026-08-10 14:56:27 [INFO] GET /api/notifications
2026-08-10 14:56:27 [INFO] GET /favicon.ico
2026-08-10 14:56:37 [INFO] GET /api/subjects
2026-08-10 14:56:37 [INFO] GET /favicon.ico
2026-08-10 15:08:40 [INFO] GET /api/recommendations
2026-08-10 15:08:40 [INFO] GET /favicon.ico
2026-08-10 15:40:59 [INFO] GET /api/analytics/overview
2026-08-10 15:40:59 [INFO] GET /api/tests/history
2026-08-10 15:40:59 [INFO] GET /api/analytics/leaderboard
2026-08-10 15:40:59 [INFO] GET /api/analytics/gamification
2026-08-10 15:40:59 [INFO] GET /api/notifications
2026-08-10 15:40:59 [INFO] GET /favicon.ico
2026-08-10 15:41:03 [INFO] GET /api/subjects
2026-08-10 15:41:03 [INFO] GET /favicon.ico
2026-08-10 15:41:08 [INFO] GET /api/tests/reviewed-questions
2026-08-10 15:41:08 [INFO] GET /favicon.ico
2026-08-10 15:41:09 [INFO] GET /api/subjects
2026-08-10 15:41:09 [INFO] GET /api/tests/history
2026-08-10 15:41:09 [INFO] GET /favicon.ico
2026-08-10 15:41:11 [INFO] GET /api/tests/history
2026-08-10 15:41:11 [INFO] GET /favicon.ico
2026-08-10 15:41:12 [INFO] GET /api/questions/bookmarks
2026-08-10 15:41:12 [INFO] GET /api/questions/practice/daily
2026-08-10 15:41:12 [INFO] GET /favicon.ico
2026-08-10 15:41:13 [INFO] GET /api/ai/ping
2026-08-10 15:41:13 [INFO] GET /favicon.ico
2026-08-10 15:41:14 [INFO] GET /api/recommendations
2026-08-10 15:41:14 [INFO] GET /favicon.ico
2026-08-10 15:41:17 [INFO] GET /api/analytics/overview
2026-08-10 15:41:17 [INFO] GET /favicon.ico
2026-08-10 15:41:21 [INFO] GET /favicon.ico
2026-08-10 15:41:23 [INFO] GET /api/students/me
2026-08-10 15:41:23 [INFO] GET /favicon.ico
2026-08-10 16:04:43 [INFO] GET /api/students/me
2026-08-10 16:04:43 [INFO] GET /favicon.ico
2026-08-10 16:04:45 [INFO] GET /api/subjects
2026-08-10 16:04:45 [INFO] GET /favicon.ico
2026-08-10 18:48:58 [INFO] Node gateway running on http://localhost:3000
2026-08-10 18:49:21 [INFO] GET /favicon.ico
2026-08-10 18:49:27 [INFO] GET /api/analytics/overview
2026-08-10 18:49:27 [INFO] GET /api/analytics/gamification
2026-08-10 18:49:27 [INFO] GET /api/tests/history
2026-08-10 18:49:27 [INFO] GET /api/analytics/leaderboard
2026-08-10 18:49:27 [INFO] GET /api/notifications
2026-08-10 18:49:27 [INFO] GET /favicon.ico
2026-08-10 18:49:31 [INFO] GET /api/subjects
2026-08-10 18:49:31 [INFO] GET /favicon.ico
2026-08-10 21:17:34 [INFO] Node gateway running on http://localhost:3000
2026-08-10 21:17:42 [INFO] GET /favicon.ico
2026-08-10 21:17:43 [INFO] GET /api/subjects
2026-08-10 21:17:43 [INFO] GET /favicon.ico
2026-08-10 21:17:48 [INFO] GET /api/subjects
2026-08-10 21:17:48 [INFO] GET /favicon.ico
2026-08-10 21:17:48 [INFO] GET /favicon.ico
2026-08-10 21:17:48 [INFO] GET /favicon.ico
2026-08-10 21:17:48 [INFO] GET /favicon.ico
2026-08-10 21:18:10 [INFO] POST /api/auth/login
2026-08-10 21:18:12 [INFO] GET /api/analytics/overview
2026-08-10 21:18:12 [INFO] GET /api/tests/history
2026-08-10 21:18:12 [INFO] GET /api/analytics/gamification
2026-08-10 21:18:12 [INFO] GET /api/analytics/leaderboard
2026-08-10 21:18:12 [INFO] GET /api/notifications
2026-08-10 21:18:12 [INFO] GET /favicon.ico
2026-08-10 21:18:14 [INFO] GET /api/subjects
2026-08-10 21:18:14 [INFO] GET /favicon.ico
2026-08-10 21:19:25 [INFO] GET /api/subjects
2026-08-10 21:19:25 [INFO] GET /favicon.ico
2026-08-10 21:22:11 [INFO] GET /api/subjects
2026-08-10 21:22:11 [INFO] GET /favicon.ico
2026-08-10 21:22:43 [INFO] GET /api/subjects
2026-08-10 21:22:43 [INFO] GET /favicon.ico
2026-08-10 21:23:05 [INFO] GET /api/subjects
2026-08-10 21:23:05 [INFO] GET /favicon.ico
2026-08-10 21:28:48 [INFO] GET /api/subjects
2026-08-10 21:28:48 [INFO] GET /favicon.ico
2026-08-10 21:31:22 [INFO] GET /api/subjects
2026-08-10 21:31:22 [INFO] GET /favicon.ico
2026-08-10 21:38:10 [INFO] Node gateway running on http://localhost:3000
2026-08-10 21:38:14 [INFO] GET /favicon.ico
2026-08-10 21:38:17 [INFO] GET /api/analytics/overview
2026-08-10 21:38:17 [INFO] GET /api/analytics/gamification
2026-08-10 21:38:17 [INFO] GET /api/tests/history
2026-08-10 21:38:17 [INFO] GET /api/analytics/leaderboard
2026-08-10 21:38:17 [INFO] GET /api/notifications
2026-08-10 21:38:17 [INFO] GET /favicon.ico
2026-08-10 21:38:19 [INFO] GET /api/subjects
2026-08-10 21:38:19 [INFO] GET /favicon.ico
2026-08-10 21:39:09 [INFO] GET /api/tests/reviewed-questions
2026-08-10 21:39:09 [INFO] GET /favicon.ico
2026-08-10 21:39:13 [INFO] GET /api/subjects
2026-08-10 21:39:13 [INFO] GET /api/tests/history
2026-08-10 21:39:13 [INFO] GET /favicon.ico
2026-08-10 21:39:25 [INFO] POST /api/tests/start
2026-08-10 21:39:53 [INFO] POST /api/tests/1/submit
2026-08-10 21:39:53 [INFO] GET /api/tests/1/result
2026-08-10 21:39:53 [INFO] GET /api/tests/history
2026-08-10 21:39:53 [INFO] GET /favicon.ico
2026-08-10 21:40:02 [INFO] GET /api/tests/reviewed-questions
2026-08-10 21:40:02 [INFO] GET /favicon.ico
2026-08-10 21:40:05 [INFO] GET /api/subjects
2026-08-10 21:40:05 [INFO] GET /api/tests/history
2026-08-10 21:40:06 [INFO] GET /favicon.ico
2026-08-10 21:40:07 [INFO] GET /api/tests/history
2026-08-10 21:40:07 [INFO] GET /favicon.ico
2026-08-10 21:40:10 [INFO] GET /api/questions/practice/daily
2026-08-10 21:40:10 [INFO] GET /api/questions/bookmarks
2026-08-10 21:40:10 [INFO] GET /favicon.ico
2026-08-10 21:40:11 [INFO] GET /api/ai/ping
2026-08-10 21:40:11 [INFO] GET /favicon.ico
2026-08-10 21:40:13 [INFO] GET /api/ai/predict
2026-08-10 21:40:20 [INFO] GET /api/ai/explain?method=shap
2026-08-10 21:40:20 [INFO] GET /favicon.ico
2026-08-10 21:40:22 [INFO] GET /api/recommendations
2026-08-10 21:40:22 [INFO] GET /favicon.ico
2026-08-10 21:40:24 [INFO] GET /api/analytics/overview
2026-08-10 21:40:24 [INFO] GET /favicon.ico
2026-08-10 21:40:26 [INFO] GET /favicon.ico
2026-08-10 21:40:33 [INFO] POST /api/chatbot/chat
2026-08-10 21:40:54 [INFO] GET /api/analytics/overview
2026-08-10 21:40:54 [INFO] GET /api/analytics/gamification
2026-08-10 21:40:54 [INFO] GET /api/tests/history
2026-08-10 21:40:54 [INFO] GET /api/analytics/leaderboard
2026-08-10 21:40:54 [INFO] GET /api/notifications
2026-08-10 21:40:54 [INFO] GET /favicon.ico
2026-08-10 21:41:11 [INFO] GET /favicon.ico
2026-08-10 21:41:26 [INFO] POST /api/auth/login
2026-08-10 21:41:36 [INFO] POST /api/auth/login
2026-08-10 21:41:38 [INFO] GET /api/admin/dashboard
2026-08-10 21:41:38 [INFO] GET /favicon.ico
2026-08-10 21:41:45 [INFO] GET /api/admin/users
2026-08-10 21:41:45 [INFO] GET /favicon.ico
2026-08-10 21:41:48 [INFO] GET /api/subjects
2026-08-10 21:41:48 [INFO] GET /favicon.ico
2026-08-10 21:41:49 [INFO] GET /api/admin/users
2026-08-10 21:41:49 [INFO] GET /favicon.ico
2026-08-10 21:41:56 [INFO] GET /favicon.ico
2026-08-11 06:11:10 [INFO] Node gateway running on http://localhost:3000
2026-08-11 06:11:19 [INFO] GET /favicon.ico
2026-08-11 06:11:21 [INFO] GET /api/admin/dashboard
2026-08-11 06:11:21 [INFO] GET /favicon.ico
2026-08-11 06:11:26 [INFO] GET /favicon.ico
2026-08-11 06:11:43 [INFO] POST /api/auth/login
2026-08-11 06:11:44 [INFO] GET /api/analytics/overview
2026-08-11 06:11:44 [INFO] GET /api/analytics/gamification
2026-08-11 06:11:44 [INFO] GET /api/notifications
2026-08-11 06:11:44 [INFO] GET /api/tests/history
2026-08-11 06:11:45 [INFO] GET /api/analytics/leaderboard
2026-08-11 06:11:45 [INFO] GET /favicon.ico
2026-08-11 06:11:49 [INFO] GET /api/subjects
2026-08-11 06:11:49 [INFO] GET /favicon.ico
2026-08-11 06:11:55 [INFO] GET /api/tests/reviewed-questions
2026-08-11 06:11:55 [INFO] GET /favicon.ico
2026-08-11 06:11:56 [INFO] GET /api/subjects
2026-08-11 06:11:56 [INFO] GET /api/tests/history
2026-08-11 06:11:56 [INFO] GET /favicon.ico
2026-08-11 06:11:57 [INFO] GET /api/tests/history
2026-08-11 06:11:57 [INFO] GET /favicon.ico
2026-08-11 06:11:59 [INFO] GET /api/questions/bookmarks
2026-08-11 06:11:59 [INFO] GET /api/questions/practice/daily
2026-08-11 06:11:59 [INFO] GET /favicon.ico
2026-08-11 06:12:00 [INFO] GET /api/ai/ping
2026-08-11 06:12:00 [INFO] GET /favicon.ico
2026-08-11 06:12:02 [INFO] GET /api/ai/explain?method=shap
2026-08-11 06:12:02 [INFO] GET /favicon.ico
2026-08-11 06:12:02 [INFO] GET /api/subjects
2026-08-11 06:12:02 [INFO] GET /favicon.ico
2026-08-11 06:12:05 [INFO] GET /api/recommendations
2026-08-11 06:12:05 [INFO] GET /favicon.ico
2026-08-11 06:12:07 [INFO] GET /api/analytics/overview
2026-08-11 06:12:07 [INFO] GET /favicon.ico
2026-08-11 09:08:43 [INFO] Node gateway running on http://localhost:3000
2026-08-11 09:08:50 [INFO] GET /favicon.ico
2026-08-12 04:49:26 [INFO] Node gateway running on http://localhost:3000
2026-08-12 04:49:40 [INFO] GET /api/analytics/overview
2026-08-12 04:49:40 [INFO] GET /api/analytics/gamification
2026-08-12 04:49:40 [INFO] GET /api/tests/history
2026-08-12 04:49:40 [INFO] GET /api/analytics/leaderboard
2026-08-12 04:49:40 [INFO] GET /api/notifications
2026-08-12 04:49:40 [INFO] GET /favicon.ico
2026-08-12 04:49:44 [INFO] GET /favicon.ico
2026-08-12 04:50:05 [INFO] POST /api/auth/login
2026-08-12 04:50:15 [INFO] POST /api/auth/login
2026-08-12 04:50:51 [INFO] POST /api/auth/login
2026-08-12 04:50:58 [INFO] POST /api/auth/login
2026-08-12 04:50:59 [INFO] GET /api/admin/dashboard
2026-08-12 04:50:59 [INFO] GET /favicon.ico
2026-08-12 04:51:10 [INFO] GET /api/admin/dashboard
2026-08-12 04:51:10 [INFO] GET /favicon.ico
2026-08-12 04:51:10 [INFO] GET /api/admin/users
2026-08-12 04:51:10 [INFO] GET /favicon.ico
2026-08-12 04:51:16 [INFO] GET /api/admin/users
2026-08-12 04:51:16 [INFO] GET /favicon.ico
2026-08-12 04:51:17 [INFO] GET /api/subjects
2026-08-12 04:51:17 [INFO] GET /favicon.ico
2026-08-12 04:51:18 [INFO] GET /api/questions/counts
2026-08-12 04:51:18 [INFO] GET /api/questions?page=0&size=10
2026-08-12 04:51:18 [INFO] GET /favicon.ico
2026-08-12 04:51:20 [INFO] GET /api/questions/counts
2026-08-12 04:51:20 [INFO] GET /api/questions?page=0&size=10
2026-08-12 04:51:20 [INFO] GET /favicon.ico
2026-08-12 04:51:24 [INFO] GET /api/admin/users
2026-08-12 04:51:24 [INFO] GET /favicon.ico
2026-08-12 04:51:25 [INFO] GET /api/subjects
2026-08-12 04:51:25 [INFO] GET /favicon.ico
2026-08-12 04:51:28 [INFO] GET /api/questions/counts
2026-08-12 04:51:28 [INFO] GET /api/questions?page=0&size=10
2026-08-12 04:51:28 [INFO] GET /favicon.ico
2026-08-12 04:51:30 [INFO] GET /api/students/me
2026-08-12 04:51:30 [INFO] GET /favicon.ico
2026-08-12 04:51:39 [INFO] GET /api/admin/dashboard
2026-08-12 04:51:39 [INFO] GET /favicon.ico
2026-08-12 04:52:04 [INFO] POST /api/auth/login
2026-08-12 04:52:05 [INFO] GET /api/admin/dashboard
2026-08-12 04:52:05 [INFO] GET /favicon.ico
2026-08-12 04:52:06 [INFO] GET /api/admin/users
2026-08-12 04:52:06 [INFO] GET /favicon.ico
2026-08-12 04:52:08 [INFO] GET /api/subjects
2026-08-12 04:52:08 [INFO] GET /favicon.ico
2026-08-12 04:52:09 [INFO] GET /api/questions/counts
2026-08-12 04:52:09 [INFO] GET /api/questions?page=0&size=10
2026-08-12 04:52:09 [INFO] GET /favicon.ico
2026-08-12 04:52:13 [INFO] GET /api/admin/dashboard
2026-08-12 04:52:13 [INFO] GET /favicon.ico
2026-08-12 04:52:15 [INFO] GET /api/admin/users
2026-08-12 04:52:15 [INFO] GET /favicon.ico
2026-08-12 04:52:17 [INFO] GET /api/subjects
2026-08-12 04:52:17 [INFO] GET /favicon.ico
2026-08-12 04:52:19 [INFO] GET /api/questions/counts
2026-08-12 04:52:19 [INFO] GET /api/questions?page=0&size=10
2026-08-12 04:52:19 [INFO] GET /favicon.ico
2026-08-12 04:53:49 [INFO] POST /api/auth/login
2026-08-12 04:54:00 [INFO] GET /api/admin/users
2026-08-12 04:54:14 [INFO] PUT /api/admin/users/4/toggle
2026-08-12 04:59:26 [INFO] GET /api/admin/users
2026-08-12 04:59:26 [INFO] GET /favicon.ico
2026-08-12 04:59:27 [INFO] GET /api/admin/users
2026-08-12 04:59:27 [INFO] GET /favicon.ico
2026-08-12 05:00:30 [INFO] GET /api/admin/users
2026-08-12 05:02:39 [INFO] GET /api/admin/users?role=STUDENT
2026-08-12 05:02:52 [INFO] PUT /api/admin/users/2/toggle
2026-08-12 05:02:52 [INFO] PUT /api/admin/users/4/toggle
2026-08-12 05:02:52 [INFO] GET /api/admin/users
2026-08-12 05:16:47 [INFO] GET /api/admin/users?role=STUDENT
2026-08-12 05:16:47 [INFO] GET /favicon.ico
2026-08-12 05:16:48 [INFO] GET /api/admin/users?role=STUDENT
2026-08-12 05:16:48 [INFO] GET /favicon.ico
2026-08-12 05:17:13 [INFO] GET /api/admin/users?role=STUDENT
2026-08-12 05:17:13 [INFO] GET /favicon.ico
2026-08-12 05:17:14 [INFO] GET /api/admin/users?role=STUDENT
2026-08-12 05:17:14 [INFO] GET /favicon.ico
2026-08-12 05:17:15 [INFO] GET /api/admin/users?role=STUDENT
2026-08-12 05:17:16 [INFO] GET /favicon.ico
2026-08-12 05:17:16 [INFO] GET /api/subjects
2026-08-12 05:17:16 [INFO] GET /favicon.ico
2026-08-12 05:17:24 [INFO] Node gateway running on http://localhost:3000
2026-08-12 05:17:33 [INFO] GET /api/subjects
2026-08-12 05:17:33 [INFO] GET /favicon.ico
2026-08-12 05:17:34 [INFO] GET /api/admin/users?role=STUDENT
2026-08-12 05:17:34 [INFO] GET /favicon.ico
2026-08-12 05:17:36 [INFO] GET /api/subjects
2026-08-12 05:17:36 [INFO] GET /favicon.ico
2026-08-12 05:17:41 [INFO] GET /api/admin/users?role=STUDENT
2026-08-12 05:17:41 [INFO] GET /favicon.ico
2026-08-12 05:17:46 [INFO] GET /api/subjects
2026-08-12 05:17:46 [INFO] GET /favicon.ico
2026-08-12 05:17:55 [INFO] GET /api/questions/counts
2026-08-12 05:17:55 [INFO] GET /api/questions?page=0&size=10
2026-08-12 05:17:55 [INFO] GET /favicon.ico
2026-08-12 05:17:59 [INFO] GET /api/admin/users?role=STUDENT
2026-08-12 05:17:59 [INFO] GET /favicon.ico
2026-08-12 05:18:00 [INFO] GET /api/subjects
2026-08-12 05:18:00 [INFO] GET /favicon.ico
2026-08-12 05:18:01 [INFO] GET /api/admin/users?role=STUDENT
2026-08-12 05:18:01 [INFO] GET /favicon.ico
2026-08-12 05:19:59 [INFO] GET /api/admin/dashboard
2026-08-12 05:24:56 [INFO] GET /api/admin/users?role=STUDENT
2026-08-12 05:24:56 [INFO] GET /api/admin/dashboard
2026-08-12 05:24:56 [INFO] GET /favicon.ico
2026-08-12 05:24:59 [INFO] GET /api/admin/users?role=STUDENT
2026-08-12 05:24:59 [INFO] GET /api/admin/dashboard
2026-08-12 05:24:59 [INFO] GET /favicon.ico
2026-08-12 05:25:00 [INFO] GET /api/questions/counts
2026-08-12 05:25:00 [INFO] GET /api/questions?page=0&size=10
2026-08-12 05:25:00 [INFO] GET /api/admin/dashboard
2026-08-12 05:25:00 [INFO] GET /favicon.ico
2026-08-12 05:25:02 [INFO] GET /api/subjects
2026-08-12 05:25:02 [INFO] GET /api/admin/dashboard
2026-08-12 05:25:02 [INFO] GET /favicon.ico
2026-08-12 05:25:04 [INFO] GET /api/admin/users?role=STUDENT
2026-08-12 05:25:04 [INFO] GET /api/admin/dashboard
2026-08-12 05:25:04 [INFO] GET /favicon.ico
2026-08-12 05:25:05 [INFO] GET /api/admin/dashboard
2026-08-12 05:25:05 [INFO] GET /favicon.ico
2026-08-12 05:25:07 [INFO] GET /api/subjects
2026-08-12 05:25:07 [INFO] GET /api/admin/dashboard
2026-08-12 05:25:07 [INFO] GET /favicon.ico
2026-08-12 05:25:08 [INFO] GET /api/admin/users?role=STUDENT
2026-08-12 05:25:08 [INFO] GET /api/admin/dashboard
2026-08-12 05:25:08 [INFO] GET /favicon.ico
2026-08-12 05:25:09 [INFO] GET /api/questions/counts
2026-08-12 05:25:09 [INFO] GET /api/questions?page=0&size=10
2026-08-12 05:25:09 [INFO] GET /api/admin/dashboard
2026-08-12 05:25:09 [INFO] GET /favicon.ico
2026-08-12 05:25:22 [INFO] GET /api/subjects
2026-08-12 05:25:22 [INFO] GET /api/admin/dashboard
2026-08-12 05:25:22 [INFO] GET /favicon.ico
2026-08-12 06:09:02 [INFO] GET /favicon.ico
2026-08-12 06:09:03 [INFO] GET /favicon.ico
2026-08-12 06:09:05 [INFO] GET /api/admin/dashboard
2026-08-12 06:09:05 [INFO] GET /favicon.ico
2026-08-12 06:09:07 [INFO] GET /api/admin/users?role=STUDENT
2026-08-12 06:09:07 [INFO] GET /api/admin/dashboard
2026-08-12 06:09:07 [INFO] GET /favicon.ico
2026-08-12 06:09:11 [INFO] GET /api/subjects
2026-08-12 06:09:11 [INFO] GET /api/admin/dashboard
2026-08-12 06:09:11 [INFO] GET /favicon.ico
2026-08-12 06:09:14 [INFO] GET /api/questions/counts
2026-08-12 06:09:14 [INFO] GET /api/questions?page=0&size=10
2026-08-12 06:09:14 [INFO] GET /api/admin/dashboard
2026-08-12 06:09:14 [INFO] GET /favicon.ico
2026-08-12 06:09:21 [INFO] GET /api/questions/counts
2026-08-12 06:09:21 [INFO] GET /api/questions?page=0&size=10
2026-08-12 06:09:21 [INFO] GET /api/admin/dashboard
2026-08-12 06:09:21 [INFO] GET /favicon.ico
2026-08-12 06:09:24 [INFO] GET /api/subjects
2026-08-12 06:09:24 [INFO] GET /api/admin/dashboard
2026-08-12 06:09:24 [INFO] GET /favicon.ico
2026-08-12 06:09:26 [INFO] GET /api/admin/users?role=STUDENT
2026-08-12 06:09:26 [INFO] GET /api/admin/dashboard
2026-08-12 06:09:26 [INFO] GET /favicon.ico
2026-08-12 06:09:27 [INFO] GET /api/admin/dashboard
2026-08-12 06:09:27 [INFO] GET /favicon.ico
2026-08-12 12:34:48 [INFO] Node gateway running on http://localhost:3000
2026-08-12 12:34:52 [INFO] GET /favicon.ico
2026-08-12 12:34:54 [INFO] GET /api/admin/dashboard
2026-08-12 12:34:54 [INFO] GET /favicon.ico
2026-08-12 12:35:00 [INFO] GET /api/admin/users?role=STUDENT
2026-08-12 12:35:00 [INFO] GET /api/admin/dashboard
2026-08-12 12:35:00 [INFO] GET /favicon.ico
2026-08-12 12:35:02 [INFO] GET /api/subjects
2026-08-12 12:35:02 [INFO] GET /api/admin/dashboard
2026-08-12 12:35:02 [INFO] GET /favicon.ico
2026-08-12 12:35:03 [INFO] GET /api/admin/dashboard
2026-08-12 12:35:03 [INFO] GET /api/questions?page=0&size=10
2026-08-12 12:35:03 [INFO] GET /api/questions/counts
2026-08-12 12:35:03 [INFO] GET /favicon.ico
2026-08-12 12:35:05 [INFO] GET /api/admin/dashboard
2026-08-12 12:35:05 [INFO] GET /favicon.ico
2026-08-12 12:35:11 [INFO] GET /api/admin/users?role=STUDENT
2026-08-12 12:35:11 [INFO] GET /api/admin/dashboard
2026-08-12 12:35:11 [INFO] GET /favicon.ico
2026-08-12 12:35:19 [INFO] GET /api/admin/users?role=STUDENT
2026-08-12 12:35:28 [INFO] GET /favicon.ico
2026-08-12 12:35:35 [INFO] GET /favicon.ico
2026-08-12 12:35:38 [INFO] GET /favicon.ico
2026-08-12 12:36:02 [INFO] POST /api/auth/login
2026-08-12 12:36:04 [INFO] GET /api/admin/dashboard
2026-08-12 12:36:04 [INFO] GET /favicon.ico
2026-08-12 12:36:09 [INFO] GET /api/admin/users?role=STUDENT
2026-08-12 12:36:09 [INFO] GET /api/admin/dashboard
2026-08-12 12:36:09 [INFO] GET /favicon.ico
2026-08-12 12:36:09 [INFO] GET /api/subjects
2026-08-12 12:36:09 [INFO] GET /api/admin/dashboard
2026-08-12 12:36:09 [INFO] GET /favicon.ico
2026-08-12 12:36:10 [INFO] GET /api/questions/counts
2026-08-12 12:36:10 [INFO] GET /api/questions?page=0&size=10
2026-08-12 12:36:10 [INFO] GET /api/admin/dashboard
2026-08-12 12:36:10 [INFO] GET /favicon.ico
2026-08-12 12:36:12 [INFO] GET /api/admin/dashboard
2026-08-12 12:36:12 [INFO] GET /favicon.ico
2026-08-12 12:45:40 [INFO] GET /api/admin/dashboard
2026-08-12 12:45:40 [INFO] GET /favicon.ico
2026-08-12 12:45:42 [INFO] GET /api/admin/dashboard
2026-08-12 12:45:42 [INFO] GET /api/admin/users?role=STUDENT
2026-08-12 12:45:42 [INFO] GET /favicon.ico
2026-08-12 12:45:47 [INFO] GET /api/subjects
2026-08-12 12:45:47 [INFO] GET /api/admin/dashboard
2026-08-12 12:45:47 [INFO] GET /favicon.ico
2026-08-12 12:45:50 [INFO] GET /api/questions/counts
2026-08-12 12:45:50 [INFO] GET /api/admin/dashboard
2026-08-12 12:45:50 [INFO] GET /api/questions?page=0&size=10
2026-08-12 12:45:50 [INFO] GET /favicon.ico
2026-08-12 12:45:54 [INFO] GET /api/admin/dashboard
2026-08-12 12:45:54 [INFO] GET /favicon.ico
2026-08-12 19:31:27 [INFO] Node gateway running on http://localhost:3000
2026-08-12 19:31:32 [INFO] GET /favicon.ico
2026-08-12 19:31:34 [INFO] GET /api/admin/dashboard
2026-08-12 19:31:34 [INFO] GET /favicon.ico
2026-08-12 19:31:37 [INFO] GET /favicon.ico
2026-08-12 19:31:55 [INFO] POST /api/auth/login
2026-08-12 19:31:56 [INFO] GET /api/analytics/overview
2026-08-12 19:31:56 [INFO] GET /api/analytics/leaderboard
2026-08-12 19:31:56 [INFO] GET /api/analytics/gamification
2026-08-12 19:31:56 [INFO] GET /api/tests/history
2026-08-12 19:31:56 [INFO] GET /api/notifications
2026-08-12 19:31:56 [INFO] GET /favicon.ico
2026-08-12 19:31:59 [INFO] GET /api/subjects
2026-08-12 19:31:59 [INFO] GET /favicon.ico
2026-08-12 19:32:02 [INFO] GET /api/tests/reviewed-questions
2026-08-12 19:32:02 [INFO] GET /favicon.ico
2026-08-12 19:32:04 [INFO] GET /api/subjects
2026-08-12 19:32:04 [INFO] GET /api/tests/history
2026-08-12 19:32:04 [INFO] GET /favicon.ico
2026-08-12 19:32:08 [INFO] GET /api/tests/history
2026-08-12 19:32:08 [INFO] GET /favicon.ico
2026-08-12 19:32:10 [INFO] GET /api/questions/practice/daily
2026-08-12 19:32:10 [INFO] GET /api/questions/bookmarks
2026-08-12 19:32:10 [INFO] GET /favicon.ico
2026-08-12 19:32:12 [INFO] GET /api/ai/ping
2026-08-12 19:32:12 [INFO] GET /favicon.ico
2026-08-12 19:32:13 [INFO] GET /api/ai/explain?method=shap
2026-08-12 19:32:13 [INFO] GET /favicon.ico
2026-08-12 19:32:18 [INFO] GET /api/ai/explain?method=lime
2026-08-12 19:32:30 [INFO] GET /api/ai/explain?method=shap
2026-08-12 19:32:43 [INFO] GET /api/subjects
2026-08-12 19:32:43 [INFO] GET /favicon.ico
2026-08-12 19:32:50 [INFO] GET /api/subjects/1/topics
2026-08-12 19:33:01 [INFO] POST /api/study-plans/generate
2026-08-12 19:33:40 [INFO] GET /api/recommendations
2026-08-12 19:33:40 [INFO] GET /favicon.ico
2026-08-12 19:33:48 [INFO] POST /api/recommendations/generate
2026-08-12 19:33:48 [INFO] GET /api/recommendations
2026-08-12 19:34:07 [INFO] GET /api/analytics/overview
2026-08-12 19:34:07 [INFO] GET /favicon.ico
2026-08-12 19:34:10 [INFO] GET /favicon.ico
2026-08-12 19:34:12 [INFO] POST /api/chatbot/chat
2026-08-12 19:35:25 [INFO] GET /api/subjects
2026-08-12 19:35:25 [INFO] GET /api/tests/history
2026-08-12 19:35:25 [INFO] GET /favicon.ico
2026-08-12 19:35:35 [INFO] POST /api/tests/start
2026-08-12 19:35:50 [INFO] POST /api/tests/2/submit
2026-08-12 19:35:50 [INFO] GET /api/tests/2/result
2026-08-12 19:35:50 [INFO] GET /api/tests/history
2026-08-12 19:35:50 [INFO] GET /favicon.ico
2026-08-12 19:35:55 [INFO] GET /favicon.ico
2026-08-12 19:39:31 [INFO] GET /api/tests/history
2026-08-12 19:39:31 [INFO] GET /favicon.ico
2026-08-12 19:39:36 [INFO] GET /api/tests/2/result
2026-08-12 19:39:38 [INFO] GET /favicon.ico
2026-08-12 19:39:48 [INFO] POST /api/tests/start
2026-08-12 19:41:40 [INFO] GET /api/subjects
2026-08-12 19:41:40 [INFO] GET /api/tests/history
2026-08-12 19:41:40 [INFO] GET /favicon.ico
2026-08-12 19:42:05 [INFO] GET /api/subjects
2026-08-12 19:42:05 [INFO] GET /api/tests/history
2026-08-12 19:42:05 [INFO] GET /favicon.ico
2026-08-12 19:42:08 [INFO] GET /api/subjects
2026-08-12 19:42:08 [INFO] GET /api/tests/history
2026-08-12 19:42:08 [INFO] GET /favicon.ico
2026-08-12 19:42:24 [INFO] POST /api/tests/start
2026-08-12 19:42:51 [INFO] POST /api/tests/4/submit
2026-08-12 19:42:51 [INFO] GET /api/tests/4/result
2026-08-12 19:42:51 [INFO] GET /api/tests/history
2026-08-12 19:42:51 [INFO] GET /favicon.ico
2026-08-12 19:44:27 [INFO] GET /api/tests/history
2026-08-12 19:44:27 [INFO] GET /favicon.ico
2026-08-12 19:44:32 [INFO] GET /api/tests/history
2026-08-12 19:44:32 [INFO] GET /favicon.ico
2026-08-12 19:44:33 [INFO] GET /api/subjects
2026-08-12 19:44:33 [INFO] GET /api/tests/history
2026-08-12 19:44:33 [INFO] GET /favicon.ico
2026-08-12 19:44:42 [INFO] POST /api/tests/start
2026-08-12 19:47:17 [INFO] GET /api/subjects
2026-08-12 19:47:17 [INFO] GET /api/tests/history
2026-08-12 19:47:17 [INFO] GET /favicon.ico
2026-08-12 19:47:25 [INFO] POST /api/tests/start
2026-08-12 19:47:30 [INFO] POST /api/tests/6/submit
2026-08-12 19:47:30 [INFO] GET /api/tests/6/result
2026-08-12 19:47:30 [INFO] GET /api/tests/history
2026-08-12 19:47:30 [INFO] GET /favicon.ico
2026-08-12 19:47:53 [INFO] GET /api/tests/6/result
2026-08-12 19:47:56 [INFO] GET /api/tests/4/result
2026-08-12 19:48:08 [INFO] GET /api/tests/2/result
2026-08-12 19:48:45 [INFO] GET /api/tests/history
2026-08-12 19:48:45 [INFO] GET /favicon.ico
2026-08-12 19:48:47 [INFO] GET /api/subjects
2026-08-12 19:48:47 [INFO] GET /api/tests/history
2026-08-12 19:48:47 [INFO] GET /favicon.ico
2026-08-12 19:48:55 [INFO] POST /api/tests/start
2026-08-12 19:49:07 [INFO] POST /api/tests/7/submit
2026-08-12 19:49:07 [INFO] GET /api/tests/7/result
2026-08-12 19:49:07 [INFO] GET /api/tests/history
2026-08-12 19:49:08 [INFO] GET /favicon.ico
2026-08-12 19:50:45 [INFO] GET /api/tests/history
2026-08-12 19:50:45 [INFO] GET /favicon.ico
2026-08-12 19:50:48 [INFO] GET /api/subjects
2026-08-12 19:50:48 [INFO] GET /api/tests/history
2026-08-12 19:50:48 [INFO] GET /favicon.ico
2026-08-12 19:50:59 [INFO] POST /api/tests/start
2026-08-12 19:51:30 [INFO] POST /api/tests/8/submit
2026-08-12 19:51:30 [INFO] GET /api/tests/8/result
2026-08-12 19:51:30 [INFO] GET /api/tests/history
2026-08-12 19:51:30 [INFO] GET /favicon.ico
2026-08-12 19:51:52 [INFO] GET /api/tests/reviewed-questions
2026-08-12 19:51:52 [INFO] GET /favicon.ico
2026-08-12 19:51:54 [INFO] GET /api/subjects
2026-08-12 19:51:54 [INFO] GET /api/tests/history
2026-08-12 19:51:54 [INFO] GET /favicon.ico
2026-08-12 19:51:58 [INFO] GET /api/analytics/overview
2026-08-12 19:51:58 [INFO] GET /favicon.ico
2026-08-12 19:55:56 [INFO] GET /api/analytics/overview
2026-08-12 19:55:56 [INFO] GET /favicon.ico
2026-08-12 19:56:00 [INFO] GET /api/recommendations
2026-08-12 19:56:00 [INFO] GET /favicon.ico
2026-08-12 19:56:22 [INFO] GET /api/recommendations
2026-08-12 19:56:22 [INFO] GET /favicon.ico
2026-08-12 19:58:44 [INFO] GET /api/recommendations
2026-08-12 19:58:44 [INFO] GET /favicon.ico
2026-08-12 19:58:52 [INFO] GET /topics?topicId=5
2026-08-12 19:58:52 [INFO] GET /favicon.ico
2026-08-12 19:58:54 [INFO] GET /api/analytics/overview
2026-08-12 19:58:54 [INFO] GET /api/analytics/gamification
2026-08-12 19:58:54 [INFO] GET /api/tests/history
2026-08-12 19:58:54 [INFO] GET /api/analytics/leaderboard
2026-08-12 19:58:54 [INFO] GET /api/notifications
2026-08-12 19:58:54 [INFO] GET /favicon.ico
2026-08-12 19:59:27 [INFO] GET /api/tests/history
2026-08-12 19:59:27 [INFO] GET /favicon.ico
2026-08-12 19:59:33 [INFO] GET /api/analytics/overview
2026-08-12 19:59:33 [INFO] GET /api/analytics/gamification
2026-08-12 19:59:33 [INFO] GET /api/tests/history
2026-08-12 19:59:33 [INFO] GET /api/analytics/leaderboard
2026-08-12 19:59:33 [INFO] GET /api/notifications
2026-08-12 19:59:33 [INFO] GET /favicon.ico
2026-08-12 20:00:51 [INFO] GET /favicon.ico
2026-08-12 20:01:05 [INFO] POST /api/auth/login
2026-08-12 20:01:17 [INFO] POST /api/auth/login
2026-08-12 20:01:18 [INFO] GET /api/admin/dashboard
2026-08-12 20:01:18 [INFO] GET /favicon.ico
2026-08-12 20:01:26 [INFO] GET /api/admin/dashboard
2026-08-12 20:01:26 [INFO] GET /api/admin/users?role=STUDENT
2026-08-12 20:01:26 [INFO] GET /favicon.ico
2026-08-12 20:01:38 [INFO] GET /api/subjects
2026-08-12 20:01:38 [INFO] GET /api/admin/dashboard
2026-08-12 20:01:38 [INFO] GET /favicon.ico
2026-08-12 20:02:09 [INFO] GET /favicon.ico
2026-08-12 20:02:14 [INFO] GET /api/subjects
2026-08-12 20:02:14 [INFO] GET /api/admin/dashboard
2026-08-12 20:02:14 [INFO] GET /favicon.ico
2026-08-12 20:02:17 [INFO] GET /api/subjects
2026-08-12 20:02:30 [INFO] GET /api/subjects
2026-08-12 20:02:30 [INFO] GET /api/admin/dashboard
2026-08-12 20:02:31 [INFO] GET /favicon.ico
2026-08-12 20:02:33 [INFO] GET /api/subjects
2026-08-12 20:02:33 [INFO] GET /api/admin/dashboard
2026-08-12 20:02:33 [INFO] GET /favicon.ico
2026-08-12 20:02:35 [INFO] GET /api/admin/users?role=STUDENT
2026-08-12 20:02:35 [INFO] GET /api/admin/dashboard
2026-08-12 20:02:35 [INFO] GET /favicon.ico
2026-08-12 20:02:36 [INFO] GET /api/subjects
2026-08-12 20:02:36 [INFO] GET /api/admin/dashboard
2026-08-12 20:02:36 [INFO] GET /favicon.ico
2026-08-12 20:02:41 [INFO] GET /api/admin/dashboard
2026-08-12 20:02:41 [INFO] GET /favicon.ico
2026-08-12 20:04:05 [INFO] GET /api/admin/dashboard
2026-08-12 20:04:05 [INFO] GET /api/questions?page=0&size=10
2026-08-12 20:04:05 [INFO] GET /api/questions/counts
2026-08-12 20:04:05 [INFO] GET /favicon.ico
2026-08-12 20:04:07 [INFO] GET /api/questions/counts
2026-08-12 20:04:07 [INFO] GET /api/questions?page=0&size=10
2026-08-12 20:04:07 [INFO] GET /api/admin/dashboard
2026-08-12 20:04:07 [INFO] GET /favicon.ico
2026-08-12 20:04:08 [INFO] GET /api/questions/counts
2026-08-12 20:04:08 [INFO] GET /api/questions?page=0&size=10
2026-08-12 20:04:08 [INFO] GET /api/admin/dashboard
2026-08-12 20:04:08 [INFO] GET /favicon.ico
2026-08-12 20:04:08 [INFO] GET /api/questions/counts
2026-08-12 20:04:08 [INFO] GET /api/questions?page=0&size=10
2026-08-12 20:04:08 [INFO] GET /api/admin/dashboard
2026-08-12 20:04:08 [INFO] GET /favicon.ico
2026-08-12 20:04:18 [INFO] GET /api/admin/users?role=STUDENT
2026-08-12 20:04:18 [INFO] GET /api/admin/dashboard
2026-08-12 20:04:18 [INFO] GET /favicon.ico
2026-08-12 20:04:20 [INFO] GET /api/subjects
2026-08-12 20:04:20 [INFO] GET /api/admin/dashboard
2026-08-12 20:04:20 [INFO] GET /favicon.ico
2026-08-12 20:07:10 [INFO] GET /api/subjects
2026-08-12 20:07:10 [INFO] GET /api/admin/dashboard
2026-08-12 20:07:10 [INFO] GET /favicon.ico
2026-08-12 20:07:12 [INFO] GET /api/admin/users?role=STUDENT
2026-08-12 20:07:12 [INFO] GET /favicon.ico
2026-08-12 20:07:14 [INFO] GET /api/subjects
2026-08-12 20:07:14 [INFO] GET /api/admin/dashboard
2026-08-12 20:07:14 [INFO] GET /favicon.ico
2026-08-12 20:07:16 [INFO] GET /api/questions/counts
2026-08-12 20:07:16 [INFO] GET /api/questions?page=0&size=10
2026-08-12 20:07:16 [INFO] GET /api/admin/dashboard
2026-08-12 20:07:16 [INFO] GET /favicon.ico
2026-08-12 20:07:17 [INFO] GET /api/subjects
2026-08-12 20:07:17 [INFO] GET /api/admin/dashboard
2026-08-12 20:07:17 [INFO] GET /favicon.ico
2026-08-12 20:08:41 [INFO] GET /api/subjects
2026-08-12 20:08:41 [INFO] GET /api/admin/dashboard
2026-08-12 20:08:41 [INFO] GET /favicon.ico
2026-08-12 20:08:42 [INFO] GET /api/admin/users?role=STUDENT
2026-08-12 20:08:42 [INFO] GET /favicon.ico
2026-08-12 20:08:43 [INFO] GET /api/subjects
2026-08-12 20:08:43 [INFO] GET /favicon.ico
2026-08-12 20:08:44 [INFO] GET /api/questions/counts
2026-08-12 20:08:44 [INFO] GET /api/questions?page=0&size=10
2026-08-12 20:08:44 [INFO] GET /favicon.ico
2026-08-12 20:08:46 [INFO] GET /api/students/me
2026-08-12 20:08:46 [INFO] GET /favicon.ico
2026-08-12 20:09:23 [INFO] GET /api/admin/users?role=STUDENT
2026-08-12 20:09:23 [INFO] GET /favicon.ico
2026-08-12 20:09:53 [INFO] POST /api/auth/login
2026-08-12 20:10:06 [INFO] POST /api/auth/login
2026-08-12 20:10:08 [INFO] GET /api/admin/dashboard
2026-08-12 20:10:08 [INFO] GET /favicon.ico
2026-08-12 20:10:25 [INFO] GET /api/questions/counts
2026-08-12 20:10:25 [INFO] GET /api/questions?page=0&size=10
2026-08-12 20:10:25 [INFO] GET /favicon.ico
2026-08-12 20:10:26 [INFO] GET /api/students/me
2026-08-12 20:10:26 [INFO] GET /favicon.ico
2026-08-12 20:10:30 [INFO] GET /api/admin/dashboard
2026-08-12 20:10:31 [INFO] GET /favicon.ico
2026-08-12 20:10:35 [INFO] GET /favicon.ico
2026-08-12 20:10:37 [INFO] GET /api/admin/dashboard
2026-08-12 20:10:37 [INFO] GET /favicon.ico
2026-08-12 20:10:40 [INFO] GET /favicon.ico
2026-08-12 20:10:42 [INFO] GET /api/admin/users?role=STUDENT
2026-08-12 20:10:42 [INFO] GET /favicon.ico
2026-08-12 20:10:46 [INFO] GET /favicon.ico
2026-08-12 20:10:50 [INFO] GET /favicon.ico
2026-08-12 20:11:36 [INFO] POST /api/auth/login
2026-08-12 20:11:38 [INFO] GET /api/admin/dashboard
2026-08-12 20:11:38 [INFO] GET /favicon.ico
2026-08-12 20:11:47 [INFO] GET /api/admin/users?role=STUDENT
2026-08-12 20:11:47 [INFO] GET /api/admin/dashboard
2026-08-12 20:11:47 [INFO] GET /favicon.ico
2026-08-12 20:11:49 [INFO] GET /api/admin/users?role=STUDENT
2026-08-12 20:11:49 [INFO] GET /favicon.ico
2026-08-12 20:11:50 [INFO] GET /api/admin/dashboard
2026-08-12 20:11:50 [INFO] GET /favicon.ico
2026-08-12 20:12:05 [INFO] GET /api/admin/users?role=STUDENT
2026-08-12 20:12:05 [INFO] GET /favicon.ico
2026-08-12 20:12:08 [INFO] GET /api/subjects
2026-08-12 20:12:08 [INFO] GET /favicon.ico
2026-08-12 20:12:09 [INFO] GET /api/questions/counts
2026-08-12 20:12:09 [INFO] GET /api/questions?page=0&size=10
2026-08-12 20:12:09 [INFO] GET /favicon.ico
2026-08-12 20:12:15 [INFO] GET /api/students/me
2026-08-12 20:12:15 [INFO] GET /favicon.ico
2026-08-12 20:12:18 [INFO] GET /api/admin/dashboard
2026-08-12 20:12:18 [INFO] GET /favicon.ico
2026-08-12 20:12:22 [INFO] GET /favicon.ico
2026-08-12 20:12:23 [INFO] GET /api/admin/users?role=STUDENT
2026-08-12 20:12:23 [INFO] GET /favicon.ico
2026-08-14 09:21:11 [INFO] Node gateway running on http://localhost:3000
2026-08-14 09:21:16 [INFO] GET /favicon.ico
2026-08-14 09:21:18 [INFO] GET /favicon.ico
2026-08-14 09:21:22 [INFO] GET /favicon.ico
2026-08-14 09:21:24 [INFO] GET /favicon.ico
2026-08-14 09:21:35 [INFO] GET /favicon.ico
2026-08-14 09:21:50 [INFO] POST /api/auth/login
2026-08-14 09:22:03 [INFO] POST /api/auth/login
2026-08-14 09:22:04 [INFO] GET /api/analytics/overview
2026-08-14 09:22:04 [INFO] GET /api/analytics/leaderboard
2026-08-14 09:22:04 [INFO] GET /api/tests/history
2026-08-14 09:22:04 [INFO] GET /api/analytics/gamification
2026-08-14 09:22:04 [INFO] GET /api/notifications
2026-08-14 09:22:04 [INFO] GET /favicon.ico
2026-08-14 09:22:07 [INFO] GET /api/subjects
2026-08-14 09:22:07 [INFO] GET /favicon.ico
2026-08-14 09:22:09 [INFO] GET /api/tests/reviewed-questions
2026-08-14 09:22:09 [INFO] GET /favicon.ico
2026-08-14 09:22:10 [INFO] GET /api/subjects
2026-08-14 09:22:10 [INFO] GET /api/tests/history
2026-08-14 09:22:10 [INFO] GET /favicon.ico
2026-08-14 09:22:11 [INFO] GET /api/tests/history
2026-08-14 09:22:11 [INFO] GET /favicon.ico
2026-08-14 09:22:17 [INFO] GET /api/questions/practice/daily
2026-08-14 09:22:17 [INFO] GET /api/questions/bookmarks
2026-08-14 09:22:17 [INFO] GET /favicon.ico
2026-08-14 09:22:18 [INFO] GET /api/ai/explain?method=shap
2026-08-14 09:22:18 [INFO] GET /favicon.ico
2026-08-14 09:22:19 [INFO] GET /api/ai/ping
2026-08-14 09:22:19 [INFO] GET /favicon.ico
2026-08-14 09:22:22 [INFO] GET /api/ai/explain?method=shap
2026-08-14 09:22:22 [INFO] GET /favicon.ico
2026-08-14 09:22:51 [INFO] GET /api/subjects
2026-08-14 09:22:51 [INFO] GET /favicon.ico
2026-08-14 09:22:54 [INFO] GET /api/recommendations
2026-08-14 09:22:54 [INFO] GET /favicon.ico
2026-08-14 09:23:01 [INFO] GET /api/analytics/overview
2026-08-14 09:23:01 [INFO] GET /favicon.ico
2026-08-14 09:23:05 [INFO] GET /favicon.ico
2026-08-14 09:23:07 [INFO] GET /api/students/me
2026-08-14 09:23:07 [INFO] GET /favicon.ico
2026-08-14 09:23:13 [INFO] GET /favicon.ico
2026-08-14 09:25:11 [INFO] GET /api/analytics/overview
2026-08-14 09:25:11 [INFO] GET /api/analytics/gamification
2026-08-14 09:25:11 [INFO] GET /api/tests/history
2026-08-14 09:25:11 [INFO] GET /api/analytics/leaderboard
2026-08-14 09:25:11 [INFO] GET /api/notifications
2026-08-14 09:25:11 [INFO] GET /favicon.ico
2026-08-14 09:25:15 [INFO] GET /api/subjects
2026-08-14 09:25:15 [INFO] GET /favicon.ico
2026-08-14 09:25:17 [INFO] GET /api/tests/reviewed-questions
2026-08-14 09:25:17 [INFO] GET /favicon.ico
2026-08-14 09:25:18 [INFO] GET /api/subjects
2026-08-14 09:25:18 [INFO] GET /api/tests/history
2026-08-14 09:25:18 [INFO] GET /favicon.ico
2026-08-14 09:25:29 [INFO] POST /api/tests/start
2026-08-14 09:26:05 [INFO] POST /api/tests/9/submit
2026-08-14 09:26:05 [INFO] GET /api/tests/9/result
2026-08-14 09:26:05 [INFO] GET /api/tests/history
2026-08-14 09:26:05 [INFO] GET /favicon.ico
2026-08-14 09:26:12 [INFO] GET /api/questions/practice/daily
2026-08-14 09:26:12 [INFO] GET /api/questions/bookmarks
2026-08-14 09:26:12 [INFO] GET /favicon.ico
2026-08-14 09:26:14 [INFO] GET /api/ai/ping
2026-08-14 09:26:14 [INFO] GET /favicon.ico
2026-08-14 09:26:16 [INFO] GET /api/ai/predict
2026-08-14 09:30:58 [INFO] GET /api/subjects
2026-08-14 09:30:58 [INFO] GET /api/tests/history
2026-08-14 09:30:58 [INFO] GET /favicon.ico
2026-08-14 09:31:12 [INFO] GET /api/tests/history
2026-08-14 09:31:12 [INFO] GET /favicon.ico
2026-08-14 09:31:14 [INFO] GET /api/questions/practice/daily
2026-08-14 09:31:14 [INFO] GET /api/questions/bookmarks
2026-08-14 09:31:14 [INFO] GET /favicon.ico
2026-08-14 09:31:15 [INFO] GET /api/ai/ping
2026-08-14 09:31:15 [INFO] GET /favicon.ico
2026-08-14 09:31:22 [INFO] GET /api/ai/explain?method=shap
2026-08-14 09:31:22 [INFO] GET /favicon.ico
2026-08-14 09:42:14 [INFO] GET /favicon.ico
2026-08-14 09:42:16 [INFO] GET /api/auth/me
2026-08-14 09:42:16 [INFO] GET /favicon.ico
2026-08-14 09:42:30 [INFO] GET /api/subjects
2026-08-14 09:42:30 [INFO] GET /favicon.ico
2026-08-14 09:42:34 [INFO] GET /api/analytics/overview
2026-08-14 09:42:34 [INFO] GET /favicon.ico
2026-08-14 09:42:47 [INFO] GET /api/students/me
2026-08-14 09:42:47 [INFO] GET /favicon.ico
2026-08-14 09:42:59 [INFO] PUT /api/students/me
2026-08-14 09:42:59 [INFO] GET /api/students/me
2026-08-14 09:44:58 [INFO] PUT /api/students/me/password
2026-08-14 09:46:28 [INFO] PUT /api/students/me/password
2026-08-14 09:46:34 [INFO] GET /favicon.ico
2026-08-14 09:46:50 [INFO] POST /api/auth/login
2026-08-14 09:46:54 [INFO] POST /api/auth/login
2026-08-14 09:46:56 [INFO] GET /api/analytics/overview
2026-08-14 09:46:56 [INFO] GET /api/analytics/gamification
2026-08-14 09:46:56 [INFO] GET /api/tests/history
2026-08-14 09:46:56 [INFO] GET /api/analytics/leaderboard
2026-08-14 09:46:56 [INFO] GET /api/notifications
2026-08-14 09:46:56 [INFO] GET /favicon.ico
2026-08-14 09:47:04 [INFO] GET /api/subjects
2026-08-14 09:47:04 [INFO] GET /favicon.ico
2026-08-14 09:47:16 [INFO] GET /api/subjects
2026-08-14 09:47:16 [INFO] GET /api/tests/history
2026-08-14 09:47:16 [INFO] GET /favicon.ico
2026-08-14 09:52:10 [INFO] GET /api/subjects
2026-08-14 09:52:10 [INFO] GET /api/tests/history
2026-08-14 09:52:10 [INFO] GET /favicon.ico
2026-08-14 09:52:13 [INFO] GET /api/subjects
2026-08-14 09:52:13 [INFO] GET /api/tests/history
2026-08-14 09:52:13 [INFO] GET /favicon.ico
2026-08-14 09:52:22 [INFO] POST /api/tests/start
2026-08-14 09:54:06 [INFO] POST /api/tests/10/submit
2026-08-14 09:54:07 [INFO] GET /api/tests/10/result
2026-08-14 09:54:07 [INFO] GET /api/tests/history
2026-08-14 09:54:07 [INFO] GET /favicon.ico
2026-08-14 10:26:48 [INFO] GET /api/tests/history
2026-08-14 10:26:48 [INFO] GET /favicon.ico
2026-08-14 10:37:31 [INFO] GET /api/tests/10/result
2026-08-14 10:37:34 [INFO] GET /favicon.ico
2026-08-14 10:37:41 [INFO] GET /api/tests/reviewed-questions
2026-08-14 10:37:41 [INFO] GET /favicon.ico
2026-08-14 10:37:48 [INFO] GET /api/analytics/overview
2026-08-14 10:37:48 [INFO] GET /api/analytics/gamification
2026-08-14 10:37:48 [INFO] GET /api/tests/history
2026-08-14 10:37:48 [INFO] GET /api/analytics/leaderboard
2026-08-14 10:37:48 [INFO] GET /api/notifications
2026-08-14 10:37:48 [INFO] GET /favicon.ico
2026-08-14 10:37:54 [INFO] GET /api/questions/practice/daily
2026-08-14 10:37:54 [INFO] GET /api/questions/bookmarks
2026-08-14 10:37:54 [INFO] GET /favicon.ico
2026-08-14 10:37:55 [INFO] GET /api/subjects
2026-08-14 10:37:55 [INFO] GET /api/tests/history
2026-08-14 10:37:55 [INFO] GET /favicon.ico
2026-08-14 10:38:01 [INFO] POST /api/tests/start
2026-08-14 10:38:03 [INFO] GET /favicon.ico
2026-08-14 10:38:06 [INFO] GET /api/subjects
2026-08-14 10:38:06 [INFO] GET /api/tests/history
2026-08-14 10:38:06 [INFO] GET /favicon.ico
2026-08-14 11:03:47 [INFO] GET /api/analytics/overview
2026-08-14 11:03:47 [INFO] GET /api/analytics/gamification
2026-08-14 11:03:47 [INFO] GET /api/tests/history
2026-08-14 11:03:47 [INFO] GET /api/analytics/leaderboard
2026-08-14 11:03:47 [INFO] GET /api/notifications
2026-08-14 11:03:47 [INFO] GET /favicon.ico
2026-08-14 11:05:54 [INFO] GET /api/subjects
2026-08-14 11:05:54 [INFO] GET /favicon.ico
2026-08-14 11:06:10 [INFO] GET /api/tests/reviewed-questions
2026-08-14 11:06:10 [INFO] GET /favicon.ico
2026-08-14 11:06:38 [INFO] GET /api/subjects
2026-08-14 11:06:38 [INFO] GET /api/tests/history
2026-08-14 11:06:38 [INFO] GET /favicon.ico
2026-08-14 11:06:41 [INFO] GET /api/tests/history
2026-08-14 11:06:41 [INFO] GET /favicon.ico
2026-08-14 11:06:48 [INFO] GET /api/tests/11/result
2026-08-14 11:07:05 [INFO] GET /api/questions/practice/daily
2026-08-14 11:07:05 [INFO] GET /api/questions/bookmarks
2026-08-14 11:07:05 [INFO] GET /favicon.ico
2026-08-14 11:07:08 [INFO] GET /api/ai/ping
2026-08-14 11:07:08 [INFO] GET /favicon.ico
2026-08-14 11:09:41 [INFO] GET /api/ai/predict
2026-08-19 09:21:40 [INFO] Node gateway running on http://localhost:3000
2026-08-19 09:21:53 [INFO] GET /favicon.ico
2026-08-19 09:21:54 [INFO] GET /api/auth/me
2026-08-19 09:21:54 [INFO] GET /favicon.ico
2026-08-19 09:21:58 [INFO] GET /favicon.ico
2026-08-19 09:22:17 [INFO] POST /api/auth/login
2026-08-19 09:22:27 [INFO] POST /api/auth/login
2026-08-19 09:22:28 [INFO] GET /api/analytics/overview
2026-08-19 09:22:28 [INFO] GET /api/analytics/gamification
2026-08-19 09:22:28 [INFO] GET /api/tests/history
2026-08-19 09:22:28 [INFO] GET /api/analytics/leaderboard
2026-08-19 09:22:28 [INFO] GET /api/notifications
2026-08-19 09:22:28 [INFO] GET /favicon.ico
2026-08-19 09:22:34 [INFO] GET /api/subjects
2026-08-19 09:22:34 [INFO] GET /favicon.ico
2026-08-19 09:22:37 [INFO] GET /api/tests/reviewed-questions
2026-08-19 09:22:37 [INFO] GET /favicon.ico
2026-08-19 09:22:39 [INFO] GET /api/subjects
2026-08-19 09:22:39 [INFO] GET /api/tests/history
2026-08-19 09:22:39 [INFO] GET /favicon.ico
2026-08-19 09:22:43 [INFO] GET /api/tests/history
2026-08-19 09:22:43 [INFO] GET /favicon.ico
2026-08-19 09:22:47 [INFO] GET /api/questions/practice/daily
2026-08-19 09:22:47 [INFO] GET /api/questions/bookmarks
2026-08-19 09:22:47 [INFO] GET /favicon.ico
2026-08-19 09:22:48 [INFO] GET /api/ai/ping
2026-08-19 09:22:48 [INFO] GET /favicon.ico
2026-08-19 09:22:50 [INFO] GET /api/ai/predict
2026-08-19 09:22:55 [INFO] GET /api/ai/explain?method=shap
2026-08-19 09:22:55 [INFO] GET /favicon.ico
2026-08-19 09:23:00 [INFO] GET /api/subjects
2026-08-19 09:23:00 [INFO] GET /favicon.ico
2026-08-19 09:23:03 [INFO] GET /api/recommendations
2026-08-19 09:23:03 [INFO] GET /favicon.ico
2026-08-19 09:23:07 [INFO] GET /api/analytics/overview
2026-08-19 09:23:07 [INFO] GET /favicon.ico
2026-08-19 09:23:20 [INFO] GET /favicon.ico
2026-08-19 09:23:23 [INFO] POST /api/chatbot/chat
2026-08-19 09:23:25 [INFO] GET /api/students/me
2026-08-19 09:23:25 [INFO] GET /favicon.ico
2026-08-19 09:23:27 [INFO] GET /api/analytics/overview
2026-08-19 09:23:27 [INFO] GET /api/analytics/gamification
2026-08-19 09:23:27 [INFO] GET /api/tests/history
2026-08-19 09:23:27 [INFO] GET /api/analytics/leaderboard
2026-08-19 09:23:27 [INFO] GET /api/notifications
2026-08-19 09:23:27 [INFO] GET /favicon.ico
2026-08-19 09:24:11 [INFO] GET /api/students/me
2026-08-19 09:24:11 [INFO] GET /favicon.ico
2026-08-19 09:24:20 [INFO] GET /api/analytics/overview
2026-08-19 09:24:20 [INFO] GET /api/analytics/gamification
2026-08-19 09:24:20 [INFO] GET /api/tests/history
2026-08-19 09:24:20 [INFO] GET /api/analytics/leaderboard
2026-08-19 09:24:20 [INFO] GET /api/notifications
2026-08-19 09:24:20 [INFO] GET /favicon.ico
2026-08-19 09:24:27 [INFO] GET /api/ai/ping
2026-08-19 09:24:27 [INFO] GET /favicon.ico
2026-08-19 09:24:32 [INFO] GET /api/subjects
2026-08-19 09:24:32 [INFO] GET /favicon.ico
2026-08-19 09:25:28 [INFO] GET /api/subjects/3/topics
2026-08-19 09:25:53 [INFO] GET /favicon.ico
2026-08-19 09:25:56 [INFO] GET /api/analytics/overview
2026-08-19 09:25:56 [INFO] GET /api/analytics/gamification
2026-08-19 09:25:56 [INFO] GET /api/tests/history
2026-08-19 09:25:56 [INFO] GET /api/analytics/leaderboard
2026-08-19 09:25:56 [INFO] GET /api/notifications
2026-08-19 09:25:56 [INFO] GET /favicon.ico
2026-08-19 09:25:57 [INFO] GET /api/subjects
2026-08-19 09:25:57 [INFO] GET /favicon.ico
2026-08-19 09:25:58 [INFO] GET /api/tests/reviewed-questions
2026-08-19 09:25:58 [INFO] GET /favicon.ico
2026-08-19 09:26:39 [INFO] GET /api/subjects
2026-08-19 09:26:39 [INFO] GET /api/tests/history
2026-08-19 09:26:39 [INFO] GET /favicon.ico
2026-08-19 09:26:50 [INFO] GET /api/tests/history
2026-08-19 09:26:50 [INFO] GET /favicon.ico
2026-08-19 09:27:05 [INFO] GET /api/questions/practice/daily
2026-08-19 09:27:05 [INFO] GET /api/questions/bookmarks
2026-08-19 09:27:05 [INFO] GET /favicon.ico
2026-08-19 09:27:19 [INFO] POST /api/questions/5342/attempt
2026-08-19 09:27:36 [INFO] GET /api/ai/ping
2026-08-19 09:27:36 [INFO] GET /favicon.ico
2026-08-19 09:27:38 [INFO] GET /api/ai/explain?method=shap
2026-08-19 09:27:38 [INFO] GET /favicon.ico
2026-08-19 09:27:48 [INFO] GET /api/subjects
2026-08-19 09:27:48 [INFO] GET /favicon.ico
2026-08-19 09:27:54 [INFO] GET /api/recommendations
2026-08-19 09:27:54 [INFO] GET /favicon.ico
2026-08-19 09:27:57 [INFO] GET /api/analytics/overview
2026-08-19 09:27:57 [INFO] GET /favicon.ico
2026-08-19 09:28:06 [INFO] GET /favicon.ico
2026-08-19 09:28:42 [INFO] POST /api/chatbot/chat
2026-08-19 09:28:59 [INFO] GET /favicon.ico
2026-08-19 09:29:23 [INFO] POST /api/auth/login
2026-08-19 09:29:28 [INFO] GET /favicon.ico
2026-08-19 09:29:33 [INFO] GET /favicon.ico
2026-08-19 09:29:34 [INFO] GET /favicon.ico
2026-08-19 09:29:40 [INFO] GET /api/ai/explain?method=shap
2026-08-19 09:29:40 [INFO] GET /favicon.ico
2026-08-19 09:29:45 [INFO] GET /api/ai/explain?method=shap
2026-08-19 09:29:45 [INFO] GET /favicon.ico
2026-08-19 09:29:46 [INFO] GET /favicon.ico
2026-08-19 09:29:49 [INFO] GET /api/subjects
2026-08-19 09:29:49 [INFO] GET /favicon.ico
2026-08-19 09:30:22 [INFO] POST /api/auth/login
2026-08-19 09:30:23 [INFO] GET /api/analytics/gamification
2026-08-19 09:30:23 [INFO] GET /api/analytics/overview
2026-08-19 09:30:23 [INFO] GET /api/tests/history
2026-08-19 09:30:23 [INFO] GET /api/analytics/leaderboard
2026-08-19 09:30:23 [INFO] GET /api/notifications
2026-08-19 09:30:23 [INFO] GET /favicon.ico
2026-08-19 09:30:33 [INFO] GET /api/subjects
2026-08-19 09:30:33 [INFO] GET /favicon.ico
2026-08-19 09:30:39 [INFO] GET /api/tests/reviewed-questions
2026-08-19 09:30:39 [INFO] GET /favicon.ico
2026-08-19 09:30:41 [INFO] GET /api/subjects
2026-08-19 09:30:41 [INFO] GET /api/tests/history
2026-08-19 09:30:41 [INFO] GET /favicon.ico
2026-08-19 09:30:45 [INFO] POST /api/tests/start
2026-08-19 09:30:49 [INFO] GET /favicon.ico
2026-08-19 09:30:50 [INFO] GET /api/subjects
2026-08-19 09:30:50 [INFO] GET /api/tests/history
2026-08-19 09:30:50 [INFO] GET /favicon.ico
2026-08-19 09:30:51 [INFO] GET /api/tests/history
2026-08-19 09:30:51 [INFO] GET /favicon.ico
2026-08-19 09:30:52 [INFO] GET /api/questions/practice/daily
2026-08-19 09:30:52 [INFO] GET /api/questions/bookmarks
2026-08-19 09:30:52 [INFO] GET /favicon.ico
2026-08-19 09:30:54 [INFO] GET /api/tests/history
2026-08-19 09:30:54 [INFO] GET /favicon.ico
2026-08-19 09:38:28 [INFO] GET /api/questions/practice/daily
2026-08-19 09:38:28 [INFO] GET /api/questions/bookmarks
2026-08-19 09:38:28 [INFO] GET /favicon.ico
2026-08-19 09:38:46 [INFO] GET /api/ai/ping
2026-08-19 09:38:46 [INFO] GET /favicon.ico
2026-08-19 09:38:49 [INFO] GET /api/ai/predict
2026-08-19 09:38:52 [INFO] GET /api/ai/explain?method=shap
2026-08-19 09:38:52 [INFO] GET /favicon.ico
2026-08-19 09:39:05 [INFO] GET /api/subjects
2026-08-19 09:39:05 [INFO] GET /api/tests/history
2026-08-19 09:39:06 [INFO] GET /favicon.ico
2026-08-19 09:42:30 [INFO] GET /api/students/me
2026-08-19 09:42:30 [INFO] GET /favicon.ico
2026-08-19 09:42:40 [INFO] PUT /api/students/me
2026-08-19 09:42:40 [INFO] GET /api/students/me
2026-08-19 09:43:03 [INFO] PUT /api/students/me
2026-08-19 09:43:03 [INFO] GET /api/students/me
2026-08-19 09:45:24 [INFO] GET /api/analytics/overview
2026-08-19 09:45:24 [INFO] GET /api/analytics/gamification
2026-08-19 09:45:24 [INFO] GET /api/tests/history
2026-08-19 09:45:24 [INFO] GET /api/analytics/leaderboard
2026-08-19 09:45:24 [INFO] GET /api/notifications
2026-08-19 09:45:24 [INFO] GET /favicon.ico
2026-08-19 09:45:32 [INFO] GET /api/students/me
2026-08-19 09:45:32 [INFO] GET /favicon.ico
2026-08-19 09:45:34 [INFO] PUT /api/students/me
2026-08-19 09:45:34 [INFO] GET /api/students/me
2026-08-19 09:45:45 [INFO] PUT /api/students/me
2026-08-19 09:45:45 [INFO] GET /api/students/me
2026-08-19 09:47:20 [INFO] PUT /api/students/me
2026-08-19 09:47:20 [INFO] GET /api/students/me
2026-08-19 09:47:31 [INFO] GET /api/students/me
2026-08-19 09:47:31 [INFO] GET /favicon.ico
2026-08-19 09:47:36 [INFO] GET /api/subjects
2026-08-19 09:47:36 [INFO] GET /api/tests/history
2026-08-19 09:47:36 [INFO] GET /favicon.ico
2026-08-19 09:48:02 [INFO] GET /api/ai/ping
2026-08-19 09:48:02 [INFO] GET /favicon.ico
2026-08-19 09:49:13 [INFO] GET /api/ai/predict
2026-08-19 09:52:19 [INFO] GET /favicon.ico
2026-08-19 09:52:20 [INFO] GET /favicon.ico
2026-08-19 09:58:03 [INFO] GET /api/ai/ping
2026-08-19 09:58:03 [INFO] GET /favicon.ico
2026-08-19 09:58:07 [INFO] GET /api/ai/predict
2026-08-19 09:58:18 [INFO] GET /api/ai/explain?method=shap
2026-08-19 09:58:18 [INFO] GET /favicon.ico
2026-08-19 09:58:24 [INFO] GET /favicon.ico
2026-08-19 09:58:25 [INFO] GET /api/ai/predict
2026-08-19 10:02:29 [INFO] GET /favicon.ico
2026-08-19 10:02:31 [INFO] GET /api/ai/predict
2026-08-19 10:02:37 [INFO] GET /api/analytics/gamification
2026-08-19 10:02:37 [INFO] GET /api/tests/history
2026-08-19 10:02:37 [INFO] GET /api/analytics/leaderboard
2026-08-19 10:02:37 [INFO] GET /api/notifications
2026-08-19 10:02:37 [INFO] GET /api/analytics/overview
2026-08-19 10:02:37 [INFO] GET /favicon.ico
2026-08-19 10:02:38 [INFO] GET /favicon.ico
2026-08-19 10:05:15 [INFO] GET /favicon.ico
2026-08-19 10:06:01 [INFO] GET /favicon.ico
2026-08-19 10:06:06 [INFO] GET /favicon.ico
2026-08-19 10:06:08 [INFO] GET /api/ai/performance-factors
2026-08-19 10:06:08 [INFO] GET /api/ai/predict
2026-08-19 10:06:30 [INFO] Node gateway running on http://localhost:3000
2026-08-19 10:06:39 [INFO] GET /favicon.ico
2026-08-19 10:06:41 [INFO] GET /api/ai/predict
2026-08-19 10:06:41 [INFO] GET /api/ai/performance-factors
2026-08-19 10:06:49 [INFO] GET /api/ai/explain?method=shap
2026-08-19 10:06:50 [INFO] GET /favicon.ico
2026-08-19 10:06:50 [INFO] GET /favicon.ico
2026-08-19 10:06:52 [INFO] GET /api/ai/explain?method=shap
2026-08-19 10:06:52 [INFO] GET /favicon.ico
2026-08-19 10:06:56 [INFO] GET /favicon.ico
2026-08-19 10:06:57 [INFO] GET /api/ai/predict
2026-08-19 10:06:57 [INFO] GET /api/ai/performance-factors
2026-08-19 10:09:20 [INFO] GET /api/ai/predict
2026-08-19 10:09:20 [INFO] GET /api/ai/performance-factors
2026-08-19 10:10:31 [INFO] GET /api/ai/predict
2026-08-19 10:10:31 [INFO] GET /api/ai/performance-factors
2026-08-19 10:11:00 [INFO] GET /favicon.ico
2026-08-19 10:11:02 [INFO] GET /api/ai/performance-factors
2026-08-19 10:11:02 [INFO] GET /api/ai/predict
2026-08-19 10:11:50 [INFO] Node gateway running on http://localhost:3000
2026-08-19 10:11:54 [INFO] GET /favicon.ico
2026-08-19 10:11:57 [INFO] GET /api/auth/me
2026-08-19 10:11:57 [INFO] GET /favicon.ico
2026-08-19 10:11:59 [INFO] GET /api/auth/me
2026-08-19 10:11:59 [INFO] GET /favicon.ico
2026-08-19 10:12:21 [INFO] POST /api/auth/login
2026-08-19 10:12:27 [INFO] POST /api/auth/login
2026-08-19 10:12:43 [INFO] POST /api/auth/login
2026-08-19 10:12:44 [INFO] GET /api/analytics/gamification
2026-08-19 10:12:44 [INFO] GET /api/tests/history
2026-08-19 10:12:44 [INFO] GET /api/analytics/leaderboard
2026-08-19 10:12:44 [INFO] GET /api/notifications
2026-08-19 10:12:44 [INFO] GET /api/analytics/overview
2026-08-19 10:12:44 [INFO] GET /favicon.ico
2026-08-19 10:13:03 [INFO] GET /api/subjects
2026-08-19 10:13:03 [INFO] GET /favicon.ico
2026-08-19 10:13:08 [INFO] GET /favicon.ico
2026-08-19 10:13:10 [INFO] GET /api/ai/predict
2026-08-19 10:13:10 [INFO] GET /api/ai/performance-factors
2026-08-19 10:19:35 [INFO] GET /favicon.ico
2026-08-19 10:19:36 [INFO] GET /api/ai/predict
2026-08-19 10:19:36 [INFO] GET /api/ai/topic-prediction
2026-08-19 10:19:36 [INFO] GET /api/ai/performance-factors
2026-08-19 10:20:21 [INFO] Node gateway running on http://localhost:3000
2026-08-19 10:20:30 [INFO] GET /favicon.ico
2026-08-19 10:20:34 [INFO] GET /api/auth/me
2026-08-19 10:20:34 [INFO] GET /favicon.ico
2026-08-19 10:20:53 [INFO] POST /api/auth/login
2026-08-19 10:20:54 [INFO] GET /api/analytics/overview
2026-08-19 10:20:54 [INFO] GET /api/analytics/gamification
2026-08-19 10:20:54 [INFO] GET /api/tests/history
2026-08-19 10:20:54 [INFO] GET /api/analytics/leaderboard
2026-08-19 10:20:54 [INFO] GET /api/notifications
2026-08-19 10:20:54 [INFO] GET /favicon.ico
2026-08-19 10:21:00 [INFO] GET /favicon.ico
2026-08-19 10:21:01 [INFO] GET /api/ai/predict
2026-08-19 10:21:01 [INFO] GET /api/ai/performance-factors
2026-08-19 10:21:01 [INFO] GET /api/ai/topic-prediction
2026-08-19 10:24:16 [INFO] GET /api/analytics/overview
2026-08-19 10:24:16 [INFO] GET /api/analytics/gamification
2026-08-19 10:24:16 [INFO] GET /api/tests/history
2026-08-19 10:24:16 [INFO] GET /api/analytics/leaderboard
2026-08-19 10:24:16 [INFO] GET /api/notifications
2026-08-19 10:24:16 [INFO] GET /favicon.ico
2026-08-19 10:24:38 [INFO] GET /api/subjects
2026-08-19 10:24:38 [INFO] GET /favicon.ico
2026-08-19 10:24:41 [INFO] GET /api/tests/reviewed-questions
2026-08-19 10:24:41 [INFO] GET /favicon.ico
2026-08-19 10:24:44 [INFO] GET /api/subjects
2026-08-19 10:24:44 [INFO] GET /api/tests/history
2026-08-19 10:24:44 [INFO] GET /favicon.ico
2026-08-19 10:24:52 [INFO] GET /api/tests/history
2026-08-19 10:24:53 [INFO] GET /favicon.ico
2026-08-19 10:24:58 [INFO] GET /api/questions/practice/daily
2026-08-19 10:24:58 [INFO] GET /api/questions/bookmarks
2026-08-19 10:24:58 [INFO] GET /favicon.ico
2026-08-19 10:25:10 [INFO] GET /favicon.ico
2026-08-19 10:25:12 [INFO] GET /api/ai/explain?method=shap
2026-08-19 10:25:12 [INFO] GET /favicon.ico
2026-08-19 10:25:14 [INFO] GET /api/subjects
2026-08-19 10:25:14 [INFO] GET /favicon.ico
2026-08-19 10:25:19 [INFO] GET /api/recommendations
2026-08-19 10:25:19 [INFO] GET /favicon.ico
2026-08-19 10:25:21 [INFO] GET /api/analytics/overview
2026-08-19 10:25:21 [INFO] GET /favicon.ico
2026-08-19 10:26:07 [INFO] GET /favicon.ico
2026-08-19 10:26:09 [INFO] GET /api/students/me
2026-08-19 10:26:09 [INFO] GET /favicon.ico
2026-08-19 10:26:11 [INFO] GET /api/recommendations
2026-08-19 10:26:11 [INFO] GET /favicon.ico
2026-08-19 10:26:12 [INFO] GET /favicon.ico
2026-08-19 10:26:34 [INFO] POST /api/chatbot/chat
2026-08-19 10:34:43 [INFO] GET /favicon.ico
2026-08-19 10:34:44 [INFO] GET /api/ai/predict
2026-08-19 10:34:44 [INFO] GET /api/ai/performance-factors
2026-08-19 10:34:44 [INFO] GET /api/ai/topic-prediction
2026-08-19 10:34:44 [INFO] GET /api/tests/history
2026-08-19 10:34:48 [INFO] GET /favicon.ico
2026-08-19 10:34:50 [INFO] GET /api/ai/predict
2026-08-19 10:34:50 [INFO] GET /api/ai/performance-factors
2026-08-19 10:34:50 [INFO] GET /api/ai/topic-prediction
2026-08-19 10:34:50 [INFO] GET /api/tests/history
2026-08-19 10:35:30 [INFO] GET /api/ai/explain?method=shap
2026-08-19 10:35:30 [INFO] GET /favicon.ico
2026-08-19 10:36:07 [INFO] GET /api/subjects
2026-08-19 10:36:07 [INFO] GET /favicon.ico
2026-08-19 10:36:10 [INFO] GET /api/ai/explain?method=shap
2026-08-19 10:36:10 [INFO] GET /favicon.ico
2026-08-19 10:39:58 [INFO] GET /favicon.ico
2026-08-19 10:42:17 [INFO] GET /api/tests/history
2026-08-19 10:42:17 [INFO] GET /favicon.ico
2026-08-19 10:42:18 [INFO] GET /api/analytics/overview
2026-08-19 10:42:18 [INFO] GET /api/analytics/gamification
2026-08-19 10:42:18 [INFO] GET /api/tests/history
2026-08-19 10:42:18 [INFO] GET /api/analytics/leaderboard
2026-08-19 10:42:18 [INFO] GET /api/notifications
2026-08-19 10:42:18 [INFO] GET /favicon.ico
2026-08-19 10:43:17 [INFO] GET /api/tests/reviewed-questions
2026-08-19 10:43:17 [INFO] GET /favicon.ico
2026-08-19 10:43:19 [INFO] GET /api/subjects
2026-08-19 10:43:19 [INFO] GET /favicon.ico
2026-08-19 10:43:21 [INFO] GET /api/tests/history
2026-08-19 10:43:21 [INFO] GET /favicon.ico
2026-08-19 10:43:24 [INFO] GET /favicon.ico
2026-08-19 10:43:26 [INFO] GET /api/ai/predict
2026-08-19 10:43:26 [INFO] GET /api/ai/performance-factors
2026-08-19 10:43:26 [INFO] GET /api/ai/topic-prediction
2026-08-19 10:43:26 [INFO] GET /api/tests/history
2026-08-19 10:45:36 [INFO] Node gateway running on http://localhost:3000
2026-08-19 10:45:40 [INFO] GET /favicon.ico
2026-08-19 10:45:42 [INFO] GET /api/auth/me
2026-08-19 10:45:42 [INFO] GET /favicon.ico
2026-08-19 10:46:01 [INFO] POST /api/auth/login
2026-08-19 10:46:03 [INFO] GET /api/analytics/overview
2026-08-19 10:46:03 [INFO] GET /api/analytics/gamification
2026-08-19 10:46:03 [INFO] GET /api/tests/history
2026-08-19 10:46:03 [INFO] GET /api/analytics/leaderboard
2026-08-19 10:46:03 [INFO] GET /api/notifications
2026-08-19 10:46:03 [INFO] GET /favicon.ico
2026-08-19 10:46:06 [INFO] POST /api/recommendations/generate
2026-08-19 10:46:06 [INFO] GET /api/ai/predict
2026-08-19 10:46:06 [INFO] GET /api/ai/topic-prediction
2026-08-19 10:46:06 [INFO] GET /api/ai/prediction-history
2026-08-19 10:46:06 [INFO] GET /favicon.ico
2026-08-19 10:46:32 [INFO] GET /api/analytics/overview
2026-08-19 10:46:32 [INFO] GET /api/analytics/gamification
2026-08-19 10:46:32 [INFO] GET /api/tests/history
2026-08-19 10:46:32 [INFO] GET /api/analytics/leaderboard
2026-08-19 10:46:32 [INFO] GET /api/notifications
2026-08-19 10:46:32 [INFO] GET /favicon.ico
2026-08-19 10:46:33 [INFO] GET /api/subjects
2026-08-19 10:46:33 [INFO] GET /api/tests/history
2026-08-19 10:46:34 [INFO] GET /favicon.ico
2026-08-19 10:46:35 [INFO] GET /api/questions/practice/daily
2026-08-19 10:46:35 [INFO] GET /api/questions/bookmarks
2026-08-19 10:46:35 [INFO] GET /favicon.ico
2026-08-19 10:46:38 [INFO] GET /favicon.ico
2026-08-19 10:46:46 [INFO] POST /api/recommendations/generate
2026-08-19 10:46:46 [INFO] GET /api/ai/predict
2026-08-19 10:46:46 [INFO] GET /api/ai/topic-prediction
2026-08-19 10:46:46 [INFO] GET /api/ai/prediction-history
2026-08-19 10:46:46 [INFO] GET /favicon.ico
2026-08-19 10:50:31 [INFO] GET /api/subjects
2026-08-19 10:50:31 [INFO] GET /api/tests/history
2026-08-19 10:50:31 [INFO] GET /favicon.ico
2026-08-19 10:50:35 [INFO] GET /favicon.ico
2026-08-19 10:50:41 [INFO] POST /api/study-plans/generate
2026-08-19 10:50:59 [INFO] GET /favicon.ico
2026-08-19 10:51:00 [INFO] GET /api/ai/predict
2026-08-19 10:51:00 [INFO] GET /api/ai/performance-factors
2026-08-19 10:51:00 [INFO] GET /api/ai/topic-prediction
2026-08-19 10:51:00 [INFO] GET /api/tests/history
2026-08-19 10:53:43 [INFO] GET /favicon.ico
2026-08-19 10:53:45 [INFO] POST /api/recommendations/generate
2026-08-19 10:53:45 [INFO] GET /api/ai/predict
2026-08-19 10:53:45 [INFO] GET /api/ai/topic-prediction
2026-08-19 10:53:45 [INFO] GET /api/ai/prediction-history
2026-08-19 10:53:45 [INFO] GET /favicon.ico
2026-08-19 10:54:06 [INFO] POST /api/study-plans/generate
2026-08-19 10:54:40 [INFO] GET /api/analytics/overview
2026-08-19 10:54:40 [INFO] GET /favicon.ico
2026-08-19 10:54:41 [INFO] GET /api/analytics/overview
2026-08-19 10:54:41 [INFO] GET /api/analytics/gamification
2026-08-19 10:54:41 [INFO] GET /api/tests/history
2026-08-19 10:54:41 [INFO] GET /api/analytics/leaderboard
2026-08-19 10:54:41 [INFO] GET /api/notifications
2026-08-19 10:54:41 [INFO] GET /favicon.ico
2026-08-19 10:56:55 [INFO] GET /api/analytics/overview
2026-08-19 10:56:55 [INFO] GET /api/analytics/gamification
2026-08-19 10:56:55 [INFO] GET /api/tests/history
2026-08-19 10:56:55 [INFO] GET /api/analytics/leaderboard
2026-08-19 10:56:55 [INFO] GET /api/notifications
2026-08-19 10:56:55 [INFO] GET /favicon.ico
2026-08-19 10:56:58 [INFO] GET /api/subjects
2026-08-19 10:56:58 [INFO] GET /favicon.ico
2026-08-19 10:56:59 [INFO] GET /api/tests/reviewed-questions
2026-08-19 10:56:59 [INFO] GET /favicon.ico
2026-08-19 10:59:41 [INFO] GET /api/subjects
2026-08-19 10:59:41 [INFO] GET /api/tests/history
2026-08-19 10:59:41 [INFO] GET /favicon.ico
2026-08-19 10:59:44 [INFO] GET /api/tests/history
2026-08-19 10:59:44 [INFO] GET /favicon.ico
2026-08-19 10:59:48 [INFO] GET /api/tests/11/result
2026-08-19 10:59:54 [INFO] GET /favicon.ico
2026-08-19 10:59:58 [INFO] GET /api/analytics/overview
2026-08-19 10:59:58 [INFO] GET /api/analytics/gamification
2026-08-19 10:59:58 [INFO] GET /api/tests/history
2026-08-19 10:59:58 [INFO] GET /api/analytics/leaderboard
2026-08-19 10:59:58 [INFO] GET /api/notifications
2026-08-19 10:59:58 [INFO] GET /favicon.ico
2026-08-19 11:02:09 [INFO] GET /api/subjects
2026-08-19 11:02:09 [INFO] GET /favicon.ico
2026-08-19 11:02:15 [INFO] GET /api/tests/reviewed-questions
2026-08-19 11:02:15 [INFO] GET /favicon.ico
2026-08-19 11:02:17 [INFO] GET /api/subjects
2026-08-19 11:02:17 [INFO] GET /api/tests/history
2026-08-19 11:02:17 [INFO] GET /favicon.ico
2026-08-19 11:02:20 [INFO] GET /api/tests/history
2026-08-19 11:02:20 [INFO] GET /favicon.ico
2026-08-19 11:02:24 [INFO] GET /api/questions/bookmarks
2026-08-19 11:02:24 [INFO] GET /api/questions/practice/daily
2026-08-19 11:02:24 [INFO] GET /favicon.ico
2026-08-19 11:02:26 [INFO] GET /favicon.ico
2026-08-19 11:02:29 [INFO] GET /api/subjects
2026-08-19 11:02:29 [INFO] GET /favicon.ico
2026-08-19 11:02:32 [INFO] GET /api/recommendations
2026-08-19 11:02:32 [INFO] GET /favicon.ico
2026-08-19 11:02:35 [INFO] GET /api/analytics/overview
2026-08-19 11:02:35 [INFO] GET /favicon.ico
2026-08-19 12:47:30 [INFO] GET /api/students/me
2026-08-19 12:47:30 [INFO] GET /favicon.ico
2026-08-19 12:47:37 [INFO] GET /api/analytics/overview
2026-08-19 12:47:37 [INFO] GET /api/analytics/gamification
2026-08-19 12:47:37 [INFO] GET /api/tests/history
2026-08-19 12:47:37 [INFO] GET /api/analytics/leaderboard
2026-08-19 12:47:37 [INFO] GET /api/notifications
2026-08-19 12:47:37 [INFO] GET /favicon.ico
2026-08-19 12:48:02 [INFO] GET /api/subjects
2026-08-19 12:48:02 [INFO] GET /favicon.ico
2026-08-19 12:48:14 [INFO] GET /favicon.ico
2026-08-19 12:48:34 [INFO] POST /api/auth/login
2026-08-19 12:48:36 [INFO] GET /api/admin/dashboard
2026-08-19 12:48:36 [INFO] GET /favicon.ico
2026-08-19 12:48:38 [INFO] GET /api/admin/users?role=STUDENT
2026-08-19 12:48:38 [INFO] GET /api/admin/dashboard
2026-08-19 12:48:38 [INFO] GET /favicon.ico
2026-08-19 12:48:40 [INFO] GET /api/subjects
2026-08-19 12:48:40 [INFO] GET /api/admin/dashboard
2026-08-19 12:48:40 [INFO] GET /favicon.ico
2026-08-19 12:48:41 [INFO] GET /api/questions/counts
2026-08-19 12:48:41 [INFO] GET /api/questions?page=0&size=10
2026-08-19 12:48:41 [INFO] GET /api/admin/dashboard
2026-08-19 12:48:41 [INFO] GET /favicon.ico
2026-08-19 12:48:44 [INFO] GET /api/admin/users?role=STUDENT
2026-08-19 12:48:44 [INFO] GET /favicon.ico
2026-08-19 12:48:47 [INFO] GET /api/subjects
2026-08-19 12:48:47 [INFO] GET /favicon.ico
2026-08-19 12:48:50 [INFO] GET /api/questions/counts
2026-08-19 12:48:50 [INFO] GET /api/questions?page=0&size=10
2026-08-19 12:48:50 [INFO] GET /favicon.ico
2026-08-19 12:48:52 [INFO] GET /api/students/me
2026-08-19 12:48:52 [INFO] GET /favicon.ico
2026-08-19 12:49:21 [INFO] GET /api/admin/dashboard
2026-08-19 12:49:21 [INFO] GET /favicon.ico
2026-08-19 12:49:24 [INFO] GET /favicon.ico
2026-08-19 12:49:27 [INFO] GET /api/admin/dashboard
2026-08-19 12:49:27 [INFO] GET /favicon.ico
2026-08-19 12:49:28 [INFO] GET /favicon.ico
2026-08-19 12:49:30 [INFO] GET /api/admin/users?role=STUDENT
2026-08-19 12:49:30 [INFO] GET /favicon.ico
2026-08-19 12:49:33 [INFO] GET /api/admin/users?role=STUDENT
2026-08-19 12:49:33 [INFO] GET /favicon.ico
2026-08-19 12:49:50 [INFO] POST /api/auth/login
2026-08-19 12:49:51 [INFO] GET /api/admin/dashboard
2026-08-19 12:49:51 [INFO] GET /favicon.ico
2026-08-19 12:49:54 [INFO] GET /api/admin/users?role=STUDENT
2026-08-19 12:49:54 [INFO] GET /favicon.ico
2026-08-19 12:49:55 [INFO] GET /api/questions/counts
2026-08-19 12:49:55 [INFO] GET /api/questions?page=0&size=10
2026-08-19 12:49:55 [INFO] GET /favicon.ico
2026-08-19 12:49:56 [INFO] GET /api/subjects
2026-08-19 12:49:56 [INFO] GET /favicon.ico
2026-08-19 12:49:57 [INFO] GET /api/students/me
2026-08-19 12:49:57 [INFO] GET /favicon.ico
2026-08-19 12:50:04 [INFO] GET /api/admin/users?role=STUDENT
2026-08-19 12:50:05 [INFO] GET /favicon.ico
2026-08-19 12:50:07 [INFO] GET /api/admin/users?role=STUDENT
2026-08-19 12:50:07 [INFO] GET /favicon.ico
2026-08-19 12:50:09 [INFO] GET /favicon.ico
2026-08-19 12:52:57 [INFO] GET /api/admin/dashboard
2026-08-19 12:52:57 [INFO] GET /favicon.ico
2026-08-19 12:53:11 [INFO] GET /favicon.ico
2026-08-19 12:53:12 [INFO] GET /api/subjects
2026-08-19 12:53:12 [INFO] GET /favicon.ico
2026-08-19 12:53:17 [INFO] GET /api/questions/counts
2026-08-19 12:53:17 [INFO] GET /api/questions?page=0&size=10
2026-08-19 12:53:17 [INFO] GET /favicon.ico
2026-08-19 12:53:17 [INFO] GET /api/admin/users?role=STUDENT
2026-08-19 12:53:18 [INFO] GET /favicon.ico
2026-08-19 12:53:18 [INFO] GET /api/admin/dashboard
2026-08-19 12:53:18 [INFO] GET /favicon.ico
2026-08-19 12:53:18 [INFO] GET /favicon.ico
2026-08-19 12:53:18 [INFO] GET /api/students/me
2026-08-19 12:53:18 [INFO] GET /favicon.ico
2026-08-19 12:53:18 [INFO] GET /api/questions/counts
2026-08-19 12:53:18 [INFO] GET /api/questions?page=0&size=10
2026-08-19 12:53:18 [INFO] GET /favicon.ico
2026-08-19 12:53:18 [INFO] GET /api/subjects
2026-08-19 12:53:18 [INFO] GET /favicon.ico
2026-08-19 12:53:22 [INFO] GET /api/admin/users?role=STUDENT
2026-08-19 12:53:23 [INFO] GET /favicon.ico
2026-08-19 12:53:23 [INFO] GET /api/questions/counts
2026-08-19 12:53:23 [INFO] GET /api/questions?page=0&size=10
2026-08-19 12:53:23 [INFO] GET /api/admin/dashboard
2026-08-19 12:53:23 [INFO] GET /favicon.ico
2026-08-19 12:53:23 [INFO] GET /favicon.ico
2026-08-19 12:53:24 [INFO] GET /api/subjects
2026-08-19 12:53:24 [INFO] GET /favicon.ico
2026-08-19 12:53:25 [INFO] GET /api/analytics/overview
2026-08-19 12:53:25 [INFO] GET /api/analytics/gamification
2026-08-19 12:53:25 [INFO] GET /api/tests/history
2026-08-19 12:53:25 [INFO] GET /api/analytics/leaderboard
2026-08-19 12:53:25 [INFO] GET /api/notifications
2026-08-19 12:53:25 [INFO] GET /favicon.ico
2026-08-19 12:54:42 [INFO] GET /favicon.ico
2026-08-19 12:54:45 [INFO] GET /favicon.ico
2026-08-19 12:54:47 [INFO] GET /favicon.ico
2026-08-19 12:55:10 [INFO] POST /api/auth/login
2026-08-19 12:55:19 [INFO] POST /api/auth/login
2026-08-19 12:55:20 [INFO] GET /api/admin/dashboard
2026-08-19 12:55:20 [INFO] GET /favicon.ico
2026-08-19 12:55:23 [INFO] GET /api/students/me
2026-08-19 12:55:23 [INFO] GET /favicon.ico
2026-08-19 12:55:27 [INFO] GET /api/students/me
2026-08-19 12:55:27 [INFO] GET /favicon.ico
2026-08-19 12:56:12 [INFO] POST /api/auth/login
2026-08-19 12:56:13 [INFO] GET /api/admin/dashboard
2026-08-19 12:56:13 [INFO] GET /favicon.ico
2026-08-19 12:56:18 [INFO] GET /api/auth/me
2026-08-19 12:56:18 [INFO] GET /favicon.ico
2026-08-19 12:56:23 [INFO] GET /api/admin/dashboard
2026-08-19 12:56:24 [INFO] GET /favicon.ico
2026-08-19 12:56:26 [INFO] GET /api/auth/me
2026-08-19 12:56:26 [INFO] GET /favicon.ico
2026-08-19 12:56:51 [INFO] GET /api/admin/users?role=STUDENT
2026-08-19 12:56:51 [INFO] GET /favicon.ico
2026-08-19 12:56:53 [INFO] GET /api/admin/dashboard
2026-08-19 12:56:53 [INFO] GET /favicon.ico
2026-08-19 12:56:54 [INFO] GET /api/auth/me
2026-08-19 12:56:54 [INFO] GET /favicon.ico
2026-08-19 12:56:55 [INFO] GET /api/subjects
2026-08-19 12:56:55 [INFO] GET /favicon.ico
2026-08-19 12:56:57 [INFO] GET /api/admin/dashboard
2026-08-19 12:56:57 [INFO] GET /favicon.ico
2026-08-19 12:56:58 [INFO] GET /api/subjects
2026-08-19 12:56:58 [INFO] GET /favicon.ico
2026-08-19 12:57:00 [INFO] GET /api/admin/users?role=STUDENT
2026-08-19 12:57:00 [INFO] GET /favicon.ico
2026-08-19 12:57:01 [INFO] GET /api/questions/counts
2026-08-19 12:57:01 [INFO] GET /api/questions?page=0&size=10
2026-08-19 12:57:01 [INFO] GET /favicon.ico
2026-08-19 12:57:03 [INFO] GET /api/admin/dashboard
2026-08-19 12:57:03 [INFO] GET /favicon.ico
2026-08-19 12:57:29 [INFO] GET /api/admin/dashboard
2026-08-19 12:57:29 [INFO] GET /favicon.ico
2026-08-19 12:58:47 [INFO] GET /api/admin/dashboard
2026-08-19 12:58:47 [INFO] GET /api/admin/users?role=STUDENT
2026-08-19 12:58:47 [INFO] GET /favicon.ico
2026-08-19 12:58:48 [INFO] GET /api/subjects
2026-08-19 12:58:48 [INFO] GET /api/admin/dashboard
2026-08-19 12:58:48 [INFO] GET /favicon.ico
2026-08-19 12:58:50 [INFO] GET /api/admin/users?role=STUDENT
2026-08-19 12:58:50 [INFO] GET /favicon.ico
2026-08-19 12:58:51 [INFO] GET /api/subjects
2026-08-19 12:58:51 [INFO] GET /favicon.ico
2026-08-19 12:58:52 [INFO] GET /api/questions/counts
2026-08-19 12:58:52 [INFO] GET /api/questions?page=0&size=10
2026-08-19 12:58:52 [INFO] GET /favicon.ico
2026-08-19 12:58:55 [INFO] GET /api/auth/me
2026-08-19 12:58:55 [INFO] GET /favicon.ico
2026-08-19 12:59:19 [INFO] GET /api/students/me
2026-08-19 12:59:19 [INFO] GET /favicon.ico
2026-08-19 13:02:01 [INFO] GET /api/students/me
2026-08-19 13:02:01 [INFO] GET /favicon.ico
2026-08-19 13:02:19 [INFO] POST /api/auth/login
2026-08-19 13:02:20 [INFO] GET /api/admin/dashboard
2026-08-19 13:02:20 [INFO] GET /favicon.ico
2026-08-19 13:02:23 [INFO] GET /api/students/me
2026-08-19 13:02:23 [INFO] GET /favicon.ico
2026-08-19 13:02:52 [INFO] GET /api/students/me
2026-08-19 13:02:52 [INFO] GET /favicon.ico
2026-08-19 13:02:54 [INFO] GET /api/students/me
2026-08-19 13:02:54 [INFO] GET /favicon.ico
2026-08-19 13:03:07 [INFO] POST /api/auth/login
2026-08-19 13:03:08 [INFO] GET /api/admin/dashboard
2026-08-19 13:03:08 [INFO] GET /favicon.ico
2026-08-19 13:03:14 [INFO] GET /api/admin/dashboard
2026-08-19 13:03:14 [INFO] GET /favicon.ico
2026-08-19 13:03:15 [INFO] GET /api/admin/dashboard
2026-08-19 13:03:15 [INFO] GET /favicon.ico
2026-08-19 13:03:15 [INFO] GET /api/admin/dashboard
2026-08-19 13:03:15 [INFO] GET /favicon.ico
2026-08-19 13:03:15 [INFO] GET /api/admin/dashboard
2026-08-19 13:03:15 [INFO] GET /favicon.ico
2026-08-19 13:03:15 [INFO] GET /api/admin/dashboard
2026-08-19 13:03:15 [INFO] GET /favicon.ico
2026-08-19 13:03:32 [INFO] GET /api/admin/dashboard
2026-08-19 13:03:32 [INFO] GET /favicon.ico
2026-08-19 13:03:33 [INFO] GET /api/admin/dashboard
2026-08-19 13:03:33 [INFO] GET /favicon.ico
2026-08-19 13:03:33 [INFO] GET /api/admin/dashboard
2026-08-19 13:03:33 [INFO] GET /favicon.ico
2026-08-19 13:03:33 [INFO] GET /api/admin/dashboard
2026-08-19 13:03:33 [INFO] GET /favicon.ico
2026-08-19 13:03:34 [INFO] GET /api/admin/dashboard
2026-08-19 13:03:34 [INFO] GET /favicon.ico
2026-08-19 13:03:35 [INFO] GET /api/questions/counts
2026-08-19 13:03:35 [INFO] GET /api/questions?page=0&size=10
2026-08-19 13:03:35 [INFO] GET /favicon.ico
2026-08-19 13:03:37 [INFO] GET /api/subjects
2026-08-19 13:03:37 [INFO] GET /favicon.ico
2026-08-19 13:03:39 [INFO] GET /api/subjects
2026-08-19 13:03:39 [INFO] GET /favicon.ico
2026-08-19 13:04:17 [INFO] GET /api/subjects
2026-08-19 13:04:17 [INFO] GET /favicon.ico
2026-08-19 13:04:31 [INFO] GET /api/subjects
2026-08-19 13:04:31 [INFO] GET /favicon.ico
2026-08-19 13:04:31 [INFO] GET /api/subjects
2026-08-19 13:04:31 [INFO] GET /favicon.ico
2026-08-19 13:05:12 [INFO] Node gateway running on http://localhost:3000
2026-08-19 13:05:17 [INFO] GET /favicon.ico
2026-08-19 13:05:18 [INFO] GET /api/auth/me
2026-08-19 13:05:19 [INFO] GET /favicon.ico
2026-08-19 13:05:21 [INFO] GET /api/auth/me
2026-08-19 13:05:21 [INFO] GET /favicon.ico
2026-08-19 13:05:27 [INFO] POST /api/auth/login
2026-08-19 13:05:28 [INFO] GET /api/admin/users?role=STUDENT
2026-08-19 13:05:28 [INFO] GET /favicon.ico
2026-08-19 13:05:30 [INFO] GET /api/admin/users?role=STUDENT
2026-08-19 13:05:31 [INFO] GET /favicon.ico
2026-08-19 13:06:22 [INFO] GET /api/admin/users?role=STUDENT
2026-08-19 13:06:22 [INFO] GET /favicon.ico
2026-08-19 13:06:22 [INFO] GET /api/admin/users?role=STUDENT
2026-08-19 13:06:22 [INFO] GET /favicon.ico
2026-08-19 13:06:23 [INFO] GET /api/admin/users?role=STUDENT
2026-08-19 13:06:23 [INFO] GET /favicon.ico
2026-08-19 13:06:23 [INFO] GET /api/admin/users?role=STUDENT
2026-08-19 13:06:23 [INFO] GET /favicon.ico
2026-08-19 13:06:23 [INFO] GET /api/admin/users?role=STUDENT
2026-08-19 13:06:23 [INFO] GET /favicon.ico
2026-08-19 13:06:23 [INFO] GET /api/admin/users?role=STUDENT
2026-08-19 13:06:23 [INFO] GET /favicon.ico
2026-08-19 13:06:23 [INFO] GET /api/admin/users?role=STUDENT
2026-08-19 13:06:23 [INFO] GET /favicon.ico
2026-08-19 13:06:23 [INFO] GET /api/admin/users?role=STUDENT
2026-08-19 13:06:23 [INFO] GET /favicon.ico
2026-08-19 13:06:24 [INFO] GET /api/students/me
2026-08-19 13:06:24 [INFO] GET /favicon.ico
2026-08-19 13:06:29 [INFO] GET /favicon.ico
2026-08-19 13:06:30 [INFO] GET /favicon.ico
2026-08-19 13:07:18 [INFO] GET /favicon.ico
2026-08-19 13:07:20 [INFO] GET /favicon.ico
2026-08-19 13:07:24 [INFO] POST /api/auth/login
2026-08-19 13:07:25 [INFO] GET /api/admin/users?role=STUDENT
2026-08-19 13:07:25 [INFO] GET /favicon.ico
2026-08-19 13:07:27 [INFO] GET /api/admin/users?role=STUDENT
2026-08-19 13:07:27 [INFO] GET /favicon.ico
2026-08-19 13:08:20 [INFO] GET /api/admin/users?role=STUDENT
2026-08-19 13:08:20 [INFO] GET /favicon.ico
2026-08-19 13:08:22 [INFO] GET /api/questions/counts
2026-08-19 13:08:22 [INFO] GET /api/questions?page=0&size=10
2026-08-19 13:08:22 [INFO] GET /favicon.ico
2026-08-19 13:08:24 [INFO] GET /api/admin/users?role=STUDENT
2026-08-19 13:08:24 [INFO] GET /favicon.ico
2026-08-19 13:09:21 [INFO] GET /api/admin/users?role=STUDENT
2026-08-19 13:09:21 [INFO] GET /favicon.ico
2026-08-19 13:09:22 [INFO] GET /api/auth/me
2026-08-19 13:09:22 [INFO] GET /favicon.ico
2026-08-19 13:09:39 [INFO] GET /api/admin/users?role=STUDENT
2026-08-19 13:09:39 [INFO] GET /favicon.ico
2026-08-19 13:09:41 [INFO] GET /api/auth/me
2026-08-19 13:09:41 [INFO] GET /favicon.ico
2026-08-19 13:09:42 [INFO] GET /api/auth/me
2026-08-19 13:09:42 [INFO] GET /favicon.ico
2026-08-19 13:09:42 [INFO] GET /api/subjects
2026-08-19 13:09:42 [INFO] GET /favicon.ico
2026-08-19 13:09:43 [INFO] GET /api/admin/users?role=STUDENT
2026-08-19 13:09:43 [INFO] GET /favicon.ico
2026-08-19 13:09:45 [INFO] GET /api/questions/counts
2026-08-19 13:09:45 [INFO] GET /api/questions?page=0&size=10
2026-08-19 13:09:45 [INFO] GET /favicon.ico
2026-08-19 13:09:47 [INFO] GET /api/subjects
2026-08-19 13:09:47 [INFO] GET /favicon.ico
2026-08-19 13:09:49 [INFO] GET /api/admin/users?role=STUDENT
2026-08-19 13:09:49 [INFO] GET /favicon.ico
2026-08-19 13:09:52 [INFO] GET /api/questions/counts
2026-08-19 13:09:52 [INFO] GET /api/questions?page=0&size=10
2026-08-19 13:09:52 [INFO] GET /favicon.ico
2026-08-19 13:09:53 [INFO] GET /api/auth/me
2026-08-19 13:09:53 [INFO] GET /favicon.ico
2026-08-19 13:09:55 [INFO] GET /api/admin/users?role=STUDENT
2026-08-19 13:09:56 [INFO] GET /favicon.ico
2026-08-19 13:09:59 [INFO] GET /api/subjects
2026-08-19 13:09:59 [INFO] GET /favicon.ico
2026-08-19 13:10:02 [INFO] GET /api/admin/users?role=STUDENT
2026-08-19 13:10:02 [INFO] GET /favicon.ico
2026-08-19 13:10:12 [INFO] GET /api/admin/users?role=STUDENT
2026-08-19 13:10:15 [INFO] GET /api/admin/users?role=TEACHER
2026-08-19 13:10:18 [INFO] GET /api/admin/users?role=STUDENT
2026-08-19 13:10:29 [INFO] GET /api/subjects
2026-08-19 13:10:29 [INFO] GET /favicon.ico
2026-08-19 13:10:31 [INFO] GET /api/admin/users?role=STUDENT
2026-08-19 13:10:31 [INFO] GET /favicon.ico
2026-08-19 13:12:09 [INFO] GET /api/admin/users?role=STUDENT
2026-08-19 13:12:09 [INFO] GET /favicon.ico
2026-08-19 13:12:20 [INFO] GET /api/admin/users?role=STUDENT
2026-08-19 13:12:22 [INFO] GET /api/admin/users?role=STUDENT
2026-08-19 13:13:57 [INFO] GET /api/admin/users?role=STUDENT
2026-08-19 13:13:57 [INFO] GET /favicon.ico
2026-08-19 13:14:00 [INFO] GET /api/admin/users?role=STUDENT
2026-08-19 13:14:01 [INFO] GET /api/admin/users?role=STUDENT
2026-08-19 13:14:02 [INFO] GET /api/admin/users?role=STUDENT
2026-08-19 13:14:03 [INFO] GET /api/admin/users?role=STUDENT
2026-08-19 13:15:29 [INFO] GET /api/admin/users?role=STUDENT
2026-08-19 13:15:29 [INFO] GET /favicon.ico
2026-08-19 13:15:33 [INFO] GET /api/admin/users?role=STUDENT
2026-08-19 13:15:39 [INFO] GET /api/admin/users?role=STUDENT
2026-08-19 14:35:25 [INFO] GET /api/admin/users?role=STUDENT
2026-08-19 14:35:25 [INFO] GET /favicon.ico
2026-08-19 14:35:31 [INFO] GET /api/subjects
2026-08-19 14:35:31 [INFO] GET /favicon.ico
2026-08-19 14:35:33 [INFO] GET /api/questions/counts
2026-08-19 14:35:33 [INFO] GET /api/questions?page=0&size=10
2026-08-19 14:35:33 [INFO] GET /favicon.ico
2026-08-19 14:35:34 [INFO] GET /api/auth/me
2026-08-19 14:35:34 [INFO] GET /favicon.ico
2026-08-19 14:35:36 [INFO] GET /api/admin/users?role=STUDENT
2026-08-19 14:35:36 [INFO] GET /favicon.ico
2026-08-19 14:35:38 [INFO] GET /api/subjects
2026-08-19 14:35:38 [INFO] GET /favicon.ico
2026-08-19 14:35:40 [INFO] GET /api/questions/counts
2026-08-19 14:35:40 [INFO] GET /api/questions?page=0&size=10
2026-08-19 14:35:40 [INFO] GET /favicon.ico
2026-08-19 14:36:09 [INFO] GET /api/subjects
2026-08-19 14:36:09 [INFO] GET /favicon.ico
2026-08-19 14:36:10 [INFO] GET /api/admin/users?role=STUDENT
2026-08-19 14:36:10 [INFO] GET /favicon.ico
2026-08-19 14:36:30 [INFO] GET /api/subjects
2026-08-19 14:36:30 [INFO] GET /favicon.ico
2026-08-19 14:36:31 [INFO] GET /api/admin/users?role=STUDENT
2026-08-19 14:36:31 [INFO] GET /favicon.ico
2026-08-19 14:38:32 [INFO] GET /api/admin/users?role=STUDENT
2026-08-19 14:38:32 [INFO] GET /favicon.ico
2026-08-19 14:41:09 [INFO] GET /api/admin/users?role=STUDENT
2026-08-19 14:41:09 [INFO] GET /favicon.ico
2026-08-19 14:52:31 [INFO] GET /api/admin/users?role=STUDENT
2026-08-19 14:52:31 [INFO] GET /favicon.ico
2026-08-19 14:52:52 [INFO] GET /api/admin/users?role=STUDENT
2026-08-19 14:52:56 [INFO] GET /api/admin/users?role=STUDENT
2026-08-19 14:53:21 [INFO] Node gateway running on http://localhost:3000
2026-08-19 14:53:42 [INFO] GET /favicon.ico
2026-08-19 14:53:45 [INFO] GET /api/auth/me
2026-08-19 14:53:45 [INFO] GET /favicon.ico
2026-08-19 14:53:47 [INFO] GET /api/auth/me
2026-08-19 14:53:47 [INFO] GET /favicon.ico
2026-08-19 14:54:01 [INFO] POST /api/auth/login
2026-08-19 14:54:03 [INFO] GET /api/admin/users?role=STUDENT
2026-08-19 14:54:03 [INFO] GET /favicon.ico
2026-08-19 14:54:05 [INFO] GET /api/admin/students/1/overview
2026-08-19 14:54:36 [INFO] GET /api/admin/students/2/overview
2026-08-19 14:55:05 [INFO] GET /favicon.ico
2026-08-19 14:55:11 [INFO] GET /favicon.ico
2026-08-19 14:58:35 [INFO] GET /favicon.ico
2026-08-19 15:00:14 [INFO] GET /favicon.ico
2026-08-19 15:02:06 [INFO] GET /favicon.ico
2026-08-19 15:03:49 [INFO] POST /api/auth/register
2026-08-19 15:04:17 [INFO] GET /favicon.ico
2026-08-19 15:04:35 [INFO] GET /favicon.ico
2026-08-19 15:08:50 [INFO] GET /favicon.ico
2026-08-19 15:10:03 [INFO] GET /favicon.ico
2026-08-19 15:12:01 [INFO] GET /favicon.ico
2026-08-19 15:15:12 [INFO] GET /favicon.ico
2026-08-19 15:15:49 [INFO] GET /favicon.ico
2026-08-19 15:20:07 [INFO] GET /favicon.ico
2026-08-19 15:20:10 [INFO] GET /favicon.ico
2026-08-19 15:20:12 [INFO] GET /favicon.ico
2026-08-19 15:20:14 [INFO] GET /favicon.ico
2026-08-19 15:20:29 [INFO] Node gateway running on http://localhost:3000
2026-08-19 15:20:41 [INFO] GET /favicon.ico
2026-08-19 15:20:43 [INFO] GET /favicon.ico
2026-08-19 15:20:47 [INFO] GET /favicon.ico
2026-08-19 15:21:26 [INFO] GET /favicon.ico
2026-08-19 15:25:40 [INFO] GET /favicon.ico
2026-08-19 15:25:43 [INFO] GET /favicon.ico
2026-08-19 15:25:46 [INFO] GET /favicon.ico
2026-08-19 15:33:16 [INFO] POST /api/auth/login
2026-08-19 15:33:18 [INFO] GET /api/admin/users?role=STUDENT
2026-08-19 15:33:18 [INFO] GET /favicon.ico
2026-08-19 15:33:22 [INFO] GET /favicon.ico
2026-08-19 15:33:34 [INFO] GET /api/auth/me
2026-08-19 15:33:34 [INFO] GET /favicon.ico
2026-08-19 15:33:40 [INFO] GET /favicon.ico
2026-08-19 15:37:11 [INFO] GET /api/auth/me
2026-08-19 15:37:11 [INFO] GET /favicon.ico
2026-08-19 15:37:17 [INFO] GET /api/auth/me
2026-08-19 15:37:17 [INFO] GET /favicon.ico
2026-08-19 15:37:22 [INFO] POST /api/auth/login
2026-08-19 15:37:32 [INFO] GET /favicon.ico
2026-08-19 15:37:36 [INFO] GET /favicon.ico
2026-08-19 15:38:00 [INFO] POST /api/auth/login
2026-08-19 15:38:01 [INFO] GET /api/analytics/overview
2026-08-19 15:38:01 [INFO] GET /api/analytics/gamification
2026-08-19 15:38:01 [INFO] GET /api/tests/history
2026-08-19 15:38:01 [INFO] GET /api/analytics/leaderboard
2026-08-19 15:38:01 [INFO] GET /api/notifications
2026-08-19 15:38:01 [INFO] GET /favicon.ico
2026-08-19 15:38:04 [INFO] GET /api/subjects
2026-08-19 15:38:04 [INFO] GET /favicon.ico
2026-08-19 15:38:09 [INFO] GET /api/subjects
2026-08-19 15:38:09 [INFO] GET /api/tests/history
2026-08-19 15:38:09 [INFO] GET /favicon.ico
2026-08-19 15:38:11 [INFO] GET /api/tests/history
2026-08-19 15:38:12 [INFO] GET /favicon.ico
2026-08-19 15:38:14 [INFO] GET /api/questions/practice/daily
2026-08-19 15:38:14 [INFO] GET /api/questions/bookmarks
2026-08-19 15:38:14 [INFO] GET /favicon.ico
2026-08-19 15:38:17 [INFO] GET /favicon.ico
2026-08-19 15:38:19 [INFO] GET /api/ai/predict
2026-08-19 15:38:19 [INFO] GET /api/ai/performance-factors
2026-08-19 15:38:19 [INFO] GET /api/tests/history
2026-08-19 15:38:19 [INFO] GET /api/ai/topic-prediction
2026-08-19 15:38:25 [INFO] GET /api/subjects
2026-08-19 15:38:25 [INFO] GET /favicon.ico
2026-08-19 15:38:28 [INFO] GET /api/recommendations
2026-08-19 15:38:28 [INFO] GET /favicon.ico
2026-08-19 15:38:31 [INFO] GET /api/analytics/overview
2026-08-19 15:38:31 [INFO] GET /favicon.ico
2026-08-19 15:38:42 [INFO] GET /favicon.ico
2026-08-19 15:38:48 [INFO] GET /api/analytics/overview
2026-08-19 15:38:48 [INFO] GET /favicon.ico
2026-08-19 18:55:47 [INFO] Node gateway running on http://localhost:3000
2026-08-19 18:55:50 [INFO] GET /favicon.ico
2026-08-19 18:55:53 [INFO] GET /api/auth/me
2026-08-19 18:55:53 [INFO] GET /favicon.ico
2026-08-19 18:56:28 [INFO] POST /api/auth/login
2026-08-19 18:56:30 [INFO] GET /api/analytics/overview
2026-08-19 18:56:30 [INFO] GET /api/analytics/gamification
2026-08-19 18:56:30 [INFO] GET /api/tests/history
2026-08-19 18:56:30 [INFO] GET /api/analytics/leaderboard
2026-08-19 18:56:30 [INFO] GET /api/notifications
2026-08-19 18:56:30 [INFO] GET /favicon.ico
2026-08-21 10:51:49 [INFO] Node gateway running on http://localhost:3000
2026-08-21 10:54:50 [INFO] Node gateway running on http://localhost:3000
2026-08-21 10:54:53 [INFO] GET /favicon.ico
2026-08-21 10:54:55 [INFO] GET /api/auth/me
2026-08-21 10:54:55 [INFO] GET /favicon.ico
2026-08-21 10:55:28 [INFO] POST /api/auth/login
2026-08-21 10:55:30 [INFO] GET /api/analytics/gamification
2026-08-21 10:55:30 [INFO] GET /api/analytics/overview
2026-08-21 10:55:30 [INFO] GET /api/tests/history
2026-08-21 10:55:30 [INFO] GET /api/analytics/leaderboard
2026-08-21 10:55:30 [INFO] GET /api/notifications
2026-08-21 10:55:30 [INFO] GET /favicon.ico
2026-08-21 10:55:35 [INFO] GET /api/subjects
2026-08-21 10:55:35 [INFO] GET /favicon.ico
2026-08-21 11:13:11 [INFO] GET /favicon.ico
2026-08-21 11:13:13 [INFO] GET /favicon.ico
2026-08-21 11:13:14 [INFO] GET /api/analytics/overview
2026-08-21 11:13:14 [INFO] GET /api/analytics/gamification
2026-08-21 11:13:14 [INFO] GET /api/tests/history
2026-08-21 11:13:14 [INFO] GET /api/analytics/leaderboard
2026-08-21 11:13:14 [INFO] GET /api/notifications
2026-08-21 11:13:14 [INFO] GET /favicon.ico
2026-08-21 11:13:14 [INFO] GET /favicon.ico
2026-08-21 11:13:15 [INFO] GET /favicon.ico
2026-08-21 11:26:26 [INFO] GET /favicon.ico
2026-08-21 11:30:39 [INFO] GET /favicon.ico
2026-08-21 11:30:41 [INFO] GET /favicon.ico
2026-08-21 11:30:41 [INFO] GET /favicon.ico
2026-08-21 11:30:42 [INFO] GET /favicon.ico
2026-08-21 11:30:43 [INFO] GET /favicon.ico
2026-08-21 11:30:48 [INFO] GET /favicon.ico
2026-08-21 11:30:49 [INFO] GET /favicon.ico
2026-08-21 11:30:53 [INFO] GET /favicon.ico
2026-08-21 11:30:57 [INFO] GET /favicon.ico
2026-08-21 11:31:01 [INFO] POST /api/auth/login
2026-08-21 11:31:03 [INFO] GET /api/admin/users?role=STUDENT
2026-08-21 11:31:03 [INFO] GET /favicon.ico
2026-08-21 11:31:07 [INFO] GET /api/subjects
2026-08-21 11:31:07 [INFO] GET /favicon.ico
2026-08-21 11:31:08 [INFO] GET /api/questions?page=0&size=10
2026-08-21 11:31:08 [INFO] GET /api/questions/counts
2026-08-21 11:31:08 [INFO] GET /favicon.ico
2026-08-21 11:31:09 [INFO] GET /api/auth/me
2026-08-21 11:31:09 [INFO] GET /favicon.ico
2026-08-21 11:31:09 [INFO] GET /favicon.ico
2026-08-21 11:31:14 [INFO] POST /api/auth/login
2026-08-21 11:31:15 [INFO] GET /api/admin/users?role=STUDENT
2026-08-21 11:31:16 [INFO] GET /favicon.ico
2026-08-21 11:31:19 [INFO] GET /api/subjects
2026-08-21 11:31:20 [INFO] GET /favicon.ico
2026-08-21 11:31:23 [INFO] GET /api/admin/users?role=STUDENT
2026-08-21 11:31:23 [INFO] GET /favicon.ico
2026-08-21 11:31:29 [INFO] GET /api/admin/users?role=STUDENT
2026-08-21 11:31:29 [INFO] GET /favicon.ico
2026-08-21 11:31:32 [INFO] GET /api/admin/users?role=STUDENT
2026-08-21 11:31:33 [INFO] GET /favicon.ico
2026-08-21 11:31:33 [INFO] GET /api/admin/users?role=STUDENT
2026-08-21 11:31:33 [INFO] GET /favicon.ico
2026-08-21 11:31:37 [INFO] GET /api/subjects
2026-08-21 11:31:37 [INFO] GET /favicon.ico
2026-08-21 11:31:37 [INFO] GET /api/admin/users?role=STUDENT
2026-08-21 11:31:38 [INFO] GET /favicon.ico
2026-08-21 11:31:39 [INFO] GET /api/auth/me
2026-08-21 11:31:39 [INFO] GET /favicon.ico
2026-08-21 11:31:40 [INFO] GET /api/admin/users?role=STUDENT
2026-08-21 11:31:40 [INFO] GET /favicon.ico
2026-08-21 11:31:41 [INFO] GET /api/subjects
2026-08-21 11:31:41 [INFO] GET /favicon.ico
2026-08-21 11:31:42 [INFO] GET /api/admin/users?role=STUDENT
2026-08-21 11:31:42 [INFO] GET /favicon.ico
2026-08-21 11:32:03 [INFO] GET /favicon.ico
2026-08-21 11:32:05 [INFO] GET /favicon.ico
2026-08-21 12:58:28 [INFO] Node gateway running on http://localhost:3000
2026-08-21 12:58:59 [INFO] GET /favicon.ico
2026-08-21 12:59:04 [INFO] GET /favicon.ico
2026-08-21 12:59:21 [INFO] POST /api/auth/login
2026-08-21 12:59:24 [INFO] GET /api/analytics/overview
2026-08-21 12:59:24 [INFO] GET /api/analytics/gamification
2026-08-21 12:59:24 [INFO] GET /api/tests/history
2026-08-21 12:59:24 [INFO] GET /api/analytics/leaderboard
2026-08-21 12:59:24 [INFO] GET /api/notifications
2026-08-21 12:59:24 [INFO] GET /favicon.ico
2026-08-21 12:59:29 [INFO] GET /api/subjects
2026-08-21 12:59:29 [INFO] GET /favicon.ico
2026-08-21 12:59:32 [INFO] GET /api/tests/reviewed-questions
2026-08-21 12:59:32 [INFO] GET /favicon.ico
2026-08-21 12:59:33 [INFO] GET /api/analytics/overview
2026-08-21 12:59:33 [INFO] GET /api/analytics/gamification
2026-08-21 12:59:33 [INFO] GET /api/tests/history
2026-08-21 12:59:33 [INFO] GET /api/analytics/leaderboard
2026-08-21 12:59:33 [INFO] GET /api/notifications
2026-08-21 12:59:34 [INFO] GET /favicon.ico
2026-08-21 12:59:37 [INFO] GET /api/subjects
2026-08-21 12:59:37 [INFO] GET /favicon.ico
2026-08-21 12:59:37 [INFO] GET /api/tests/reviewed-questions
2026-08-21 12:59:37 [INFO] GET /favicon.ico
2026-08-21 12:59:41 [INFO] GET /api/analytics/overview
2026-08-21 12:59:41 [INFO] GET /api/analytics/gamification
2026-08-21 12:59:41 [INFO] GET /api/tests/history
2026-08-21 12:59:41 [INFO] GET /api/analytics/leaderboard
2026-08-21 12:59:41 [INFO] GET /api/notifications
2026-08-21 12:59:41 [INFO] GET /favicon.ico
2026-08-21 12:59:58 [INFO] GET /api/subjects
2026-08-21 12:59:58 [INFO] GET /favicon.ico
2026-08-21 13:00:01 [INFO] GET /api/subjects
2026-08-21 13:00:01 [INFO] GET /api/tests/history
2026-08-21 13:00:01 [INFO] GET /favicon.ico
2026-08-21 13:00:02 [INFO] GET /api/tests/history
2026-08-21 13:00:02 [INFO] GET /favicon.ico
2026-08-21 13:00:06 [INFO] GET /api/questions/practice/daily
2026-08-21 13:00:06 [INFO] GET /api/questions/bookmarks
2026-08-21 13:00:06 [INFO] GET /favicon.ico
2026-08-21 13:00:09 [INFO] GET /favicon.ico
2026-08-21 13:00:11 [INFO] GET /api/ai/predict
2026-08-21 13:00:11 [INFO] GET /api/ai/performance-factors
2026-08-21 13:00:11 [INFO] GET /api/ai/topic-prediction
2026-08-21 13:00:11 [INFO] GET /api/tests/history
2026-08-21 13:00:25 [INFO] GET /api/subjects
2026-08-21 13:00:25 [INFO] GET /api/tests/history
2026-08-21 13:00:25 [INFO] GET /favicon.ico
2026-08-21 13:00:27 [INFO] GET /api/tests/reviewed-questions
2026-08-21 13:00:27 [INFO] GET /favicon.ico
2026-08-21 13:00:30 [INFO] GET /api/tests/history
2026-08-21 13:00:30 [INFO] GET /favicon.ico
2026-08-21 13:00:32 [INFO] GET /api/subjects
2026-08-21 13:00:32 [INFO] GET /favicon.ico
2026-08-21 13:00:33 [INFO] GET /api/recommendations
2026-08-21 13:00:33 [INFO] GET /favicon.ico
2026-08-21 13:00:35 [INFO] GET /api/analytics/overview
2026-08-21 13:00:35 [INFO] GET /favicon.ico
2026-08-21 13:00:37 [INFO] GET /favicon.ico
2026-08-21 13:00:45 [INFO] GET /api/analytics/overview
2026-08-21 13:00:45 [INFO] GET /favicon.ico
2026-08-21 13:00:51 [INFO] GET /api/recommendations
2026-08-21 13:00:51 [INFO] GET /favicon.ico
2026-08-21 13:00:54 [INFO] GET /api/subjects
2026-08-21 13:00:54 [INFO] GET /favicon.ico
2026-08-21 13:01:04 [INFO] GET /api/subjects
2026-08-21 13:01:04 [INFO] GET /favicon.ico
2026-08-21 13:02:53 [INFO] GET /api/tests/history
2026-08-21 13:02:53 [INFO] GET /favicon.ico
2026-08-21 13:02:55 [INFO] GET /api/subjects
2026-08-21 13:02:55 [INFO] GET /favicon.ico
2026-08-21 13:03:50 [INFO] GET /api/analytics/overview
2026-08-21 13:03:50 [INFO] GET /api/analytics/gamification
2026-08-21 13:03:50 [INFO] GET /api/tests/history
2026-08-21 13:03:50 [INFO] GET /api/analytics/leaderboard
2026-08-21 13:03:50 [INFO] GET /api/notifications
2026-08-21 13:03:50 [INFO] GET /favicon.ico
2026-08-21 13:04:23 [INFO] GET /api/subjects
2026-08-21 13:04:23 [INFO] GET /favicon.ico
2026-08-21 13:04:26 [INFO] GET /api/analytics/overview
2026-08-21 13:04:26 [INFO] GET /api/analytics/gamification
2026-08-21 13:04:26 [INFO] GET /api/tests/history
2026-08-21 13:04:26 [INFO] GET /api/analytics/leaderboard
2026-08-21 13:04:26 [INFO] GET /api/notifications
2026-08-21 13:04:26 [INFO] GET /favicon.ico
2026-08-21 13:04:32 [INFO] GET /api/subjects
2026-08-21 13:04:32 [INFO] GET /favicon.ico
2026-08-21 13:04:46 [INFO] GET /api/subjects
2026-08-21 13:04:46 [INFO] GET /api/tests/history
2026-08-21 13:04:46 [INFO] GET /favicon.ico
2026-08-21 13:04:48 [INFO] GET /api/tests/history
2026-08-21 13:04:49 [INFO] GET /favicon.ico
2026-08-21 13:07:43 [INFO] GET /api/subjects
2026-08-21 13:07:43 [INFO] GET /favicon.ico
2026-08-21 13:07:49 [INFO] GET /api/tests/history
2026-08-21 13:07:49 [INFO] GET /api/subjects
2026-08-21 13:07:49 [INFO] GET /favicon.ico
2026-08-21 13:07:51 [INFO] GET /api/subjects
2026-08-21 13:07:51 [INFO] GET /favicon.ico
2026-08-21 13:07:56 [INFO] GET /api/subjects
2026-08-21 13:07:56 [INFO] GET /api/tests/history
2026-08-21 13:07:56 [INFO] GET /favicon.ico
2026-08-21 13:07:58 [INFO] GET /api/tests/history
2026-08-21 13:07:58 [INFO] GET /favicon.ico
2026-08-21 13:12:52 [INFO] GET /api/analytics/overview
2026-08-21 13:12:52 [INFO] GET /api/analytics/gamification
2026-08-21 13:12:52 [INFO] GET /api/tests/history
2026-08-21 13:12:52 [INFO] GET /api/analytics/leaderboard
2026-08-21 13:12:52 [INFO] GET /api/notifications
2026-08-21 13:12:52 [INFO] GET /favicon.ico
2026-08-21 13:12:53 [INFO] GET /api/subjects
2026-08-21 13:12:53 [INFO] GET /favicon.ico
2026-08-21 13:12:55 [INFO] GET /api/analytics/overview
2026-08-21 13:12:55 [INFO] GET /api/analytics/gamification
2026-08-21 13:12:55 [INFO] GET /api/tests/history
2026-08-21 13:12:55 [INFO] GET /api/notifications
2026-08-21 13:12:55 [INFO] GET /api/analytics/leaderboard
2026-08-21 13:12:55 [INFO] GET /favicon.ico
2026-08-21 13:13:37 [INFO] GET /api/analytics/overview
2026-08-21 13:13:37 [INFO] GET /api/analytics/gamification
2026-08-21 13:13:37 [INFO] GET /api/tests/history
2026-08-21 13:13:37 [INFO] GET /api/analytics/leaderboard
2026-08-21 13:13:37 [INFO] GET /api/notifications
2026-08-21 13:13:37 [INFO] GET /favicon.ico
2026-08-21 13:13:38 [INFO] GET /api/subjects
2026-08-21 13:13:38 [INFO] GET /favicon.ico
2026-08-21 13:13:41 [INFO] GET /api/tests/reviewed-questions
2026-08-21 13:13:41 [INFO] GET /favicon.ico
2026-08-21 13:13:42 [INFO] GET /api/subjects
2026-08-21 13:13:42 [INFO] GET /api/tests/history
2026-08-21 13:13:42 [INFO] GET /favicon.ico
2026-08-21 13:13:44 [INFO] GET /api/tests/history
2026-08-21 13:13:44 [INFO] GET /favicon.ico
2026-08-21 13:13:46 [INFO] GET /api/questions/practice/daily
2026-08-21 13:13:46 [INFO] GET /api/questions/bookmarks
2026-08-21 13:13:46 [INFO] GET /favicon.ico
2026-08-21 13:13:48 [INFO] GET /favicon.ico
2026-08-21 13:13:50 [INFO] GET /api/subjects
2026-08-21 13:13:50 [INFO] GET /favicon.ico
2026-08-21 13:13:52 [INFO] GET /api/recommendations
2026-08-21 13:13:52 [INFO] GET /favicon.ico
2026-08-21 13:13:55 [INFO] GET /favicon.ico
2026-08-21 13:13:57 [INFO] GET /api/analytics/overview
2026-08-21 13:13:57 [INFO] GET /favicon.ico
2026-08-21 13:14:27 [INFO] GET /api/analytics/overview
2026-08-21 13:14:27 [INFO] GET /api/analytics/gamification
2026-08-21 13:14:27 [INFO] GET /api/tests/history
2026-08-21 13:14:27 [INFO] GET /api/analytics/leaderboard
2026-08-21 13:14:27 [INFO] GET /api/notifications
2026-08-21 13:14:27 [INFO] GET /favicon.ico
2026-08-21 13:14:31 [INFO] GET /api/analytics/overview
2026-08-21 13:14:31 [INFO] GET /api/analytics/gamification
2026-08-21 13:14:31 [INFO] GET /api/tests/history
2026-08-21 13:14:31 [INFO] GET /api/analytics/leaderboard
2026-08-21 13:14:31 [INFO] GET /api/notifications
2026-08-21 13:14:31 [INFO] GET /favicon.ico
2026-08-21 13:14:32 [INFO] GET /api/subjects
2026-08-21 13:14:32 [INFO] GET /favicon.ico
2026-08-21 13:14:32 [INFO] GET /api/tests/reviewed-questions
2026-08-21 13:14:33 [INFO] GET /favicon.ico
2026-08-21 13:14:33 [INFO] GET /api/subjects
2026-08-21 13:14:33 [INFO] GET /api/tests/history
2026-08-21 13:14:33 [INFO] GET /favicon.ico
2026-08-21 13:14:34 [INFO] GET /api/questions/practice/daily
2026-08-21 13:14:34 [INFO] GET /api/questions/bookmarks
2026-08-21 13:14:34 [INFO] GET /favicon.ico
2026-08-21 13:14:37 [INFO] GET /api/analytics/overview
2026-08-21 13:14:37 [INFO] GET /api/analytics/gamification
2026-08-21 13:14:37 [INFO] GET /api/tests/history
2026-08-21 13:14:37 [INFO] GET /api/analytics/leaderboard
2026-08-21 13:14:37 [INFO] GET /api/notifications
2026-08-21 13:14:37 [INFO] GET /favicon.ico
2026-08-21 13:14:42 [INFO] GET /api/subjects
2026-08-21 13:14:42 [INFO] GET /favicon.ico
2026-08-21 13:14:57 [INFO] GET /api/tests/reviewed-questions
2026-08-21 13:14:57 [INFO] GET /favicon.ico
2026-08-21 13:15:00 [INFO] GET /api/subjects
2026-08-21 13:15:00 [INFO] GET /api/tests/history
2026-08-21 13:15:00 [INFO] GET /favicon.ico
2026-08-21 13:15:02 [INFO] GET /api/tests/history
2026-08-21 13:15:02 [INFO] GET /favicon.ico
2026-08-21 13:15:03 [INFO] GET /api/questions/practice/daily
2026-08-21 13:15:03 [INFO] GET /api/questions/bookmarks
2026-08-21 13:15:03 [INFO] GET /favicon.ico
2026-08-21 13:15:04 [INFO] GET /favicon.ico
2026-08-21 13:15:05 [INFO] GET /api/subjects
2026-08-21 13:15:05 [INFO] GET /favicon.ico
2026-08-21 13:15:07 [INFO] GET /api/recommendations
2026-08-21 13:15:07 [INFO] GET /favicon.ico
2026-08-21 13:15:09 [INFO] GET /api/analytics/overview
2026-08-21 13:15:09 [INFO] GET /favicon.ico
2026-08-21 13:15:14 [INFO] GET /favicon.ico
2026-08-21 13:15:20 [INFO] GET /api/analytics/overview
2026-08-21 13:15:20 [INFO] GET /api/analytics/gamification
2026-08-21 13:15:20 [INFO] GET /api/tests/history
2026-08-21 13:15:20 [INFO] GET /api/analytics/leaderboard
2026-08-21 13:15:20 [INFO] GET /api/notifications
2026-08-21 13:15:20 [INFO] GET /favicon.ico
2026-08-21 13:15:21 [INFO] GET /api/subjects
2026-08-21 13:15:21 [INFO] GET /favicon.ico
2026-08-21 15:14:11 [INFO] GET /api/analytics/overview
2026-08-21 15:14:11 [INFO] GET /favicon.ico
2026-08-21 15:14:15 [INFO] GET /favicon.ico
2026-08-21 15:14:18 [INFO] GET /api/analytics/overview
2026-08-21 15:14:18 [INFO] GET /favicon.ico
2026-08-21 15:14:21 [INFO] GET /favicon.ico
2026-08-21 15:14:22 [INFO] GET /api/ai/predict
2026-08-21 15:14:22 [INFO] GET /api/ai/performance-factors
2026-08-21 15:14:22 [INFO] GET /api/ai/topic-prediction
2026-08-21 15:14:22 [INFO] GET /api/tests/history
2026-08-21 15:21:00 [INFO] GET /api/subjects
2026-08-21 15:21:00 [INFO] GET /favicon.ico
2026-08-23 14:02:29 [INFO] Node gateway running on http://localhost:3000
2026-08-23 14:05:30 [INFO] GET /favicon.ico
2026-08-23 14:05:35 [INFO] GET /api/auth/me
2026-08-23 14:05:35 [INFO] GET /favicon.ico
2026-08-23 14:05:41 [INFO] POST /api/auth/login
2026-08-23 14:05:43 [INFO] GET /api/admin/users?role=STUDENT
2026-08-23 14:05:43 [INFO] GET /favicon.ico
2026-08-23 14:05:51 [INFO] GET /favicon.ico
2026-08-23 14:06:09 [INFO] POST /api/auth/login
2026-08-23 14:06:10 [INFO] GET /api/tests/history
2026-08-23 14:06:10 [INFO] GET /api/analytics/overview
2026-08-23 14:06:10 [INFO] GET /api/analytics/gamification
2026-08-23 14:06:10 [INFO] GET /api/analytics/leaderboard
2026-08-23 14:06:10 [INFO] GET /api/notifications
2026-08-23 14:06:10 [INFO] GET /favicon.ico
2026-08-23 14:06:14 [INFO] GET /api/subjects
2026-08-23 14:06:14 [INFO] GET /favicon.ico
2026-08-23 14:06:20 [INFO] GET /api/tests/reviewed-questions
2026-08-23 14:06:20 [INFO] GET /favicon.ico
2026-08-23 14:06:24 [INFO] GET /api/analytics/overview
2026-08-23 14:06:24 [INFO] GET /api/analytics/gamification
2026-08-23 14:06:24 [INFO] GET /api/tests/history
2026-08-23 14:06:24 [INFO] GET /api/notifications
2026-08-23 14:06:24 [INFO] GET /api/analytics/leaderboard
2026-08-23 14:06:24 [INFO] GET /favicon.ico
2026-08-23 14:06:25 [INFO] GET /api/tests/history
2026-08-23 14:06:25 [INFO] GET /favicon.ico
2026-08-23 14:06:29 [INFO] GET /api/analytics/overview
2026-08-23 14:06:29 [INFO] GET /api/analytics/gamification
2026-08-23 14:06:29 [INFO] GET /api/tests/history
2026-08-23 14:06:29 [INFO] GET /api/analytics/leaderboard
2026-08-23 14:06:29 [INFO] GET /api/notifications
2026-08-23 14:06:29 [INFO] GET /favicon.ico
2026-08-23 14:06:32 [INFO] GET /api/subjects
2026-08-23 14:06:32 [INFO] GET /favicon.ico
2026-08-23 14:06:33 [INFO] GET /favicon.ico
2026-08-23 14:06:35 [INFO] GET /api/analytics/overview
2026-08-23 14:06:35 [INFO] GET /favicon.ico
2026-08-23 14:06:37 [INFO] GET /api/analytics/overview
2026-08-23 14:06:37 [INFO] GET /api/analytics/gamification
2026-08-23 14:06:37 [INFO] GET /api/tests/history
2026-08-23 14:06:37 [INFO] GET /api/analytics/leaderboard
2026-08-23 14:06:37 [INFO] GET /api/notifications
2026-08-23 14:06:37 [INFO] GET /favicon.ico
2026-08-23 14:06:40 [INFO] GET /api/tests/reviewed-questions
2026-08-23 14:06:40 [INFO] GET /favicon.ico
2026-08-23 14:08:11 [INFO] GET /api/tests/reviewed-questions
2026-08-23 14:08:11 [INFO] GET /favicon.ico
2026-08-23 14:08:22 [INFO] GET /api/analytics/overview
2026-08-23 14:08:22 [INFO] GET /api/analytics/gamification
2026-08-23 14:08:22 [INFO] GET /api/tests/history
2026-08-23 14:08:22 [INFO] GET /api/analytics/leaderboard
2026-08-23 14:08:22 [INFO] GET /api/notifications
2026-08-23 14:08:22 [INFO] GET /favicon.ico
2026-08-23 14:08:23 [INFO] GET /api/tests/reviewed-questions
2026-08-23 14:08:23 [INFO] GET /favicon.ico
2026-08-23 14:08:24 [INFO] GET /api/tests/history
2026-08-23 14:08:24 [INFO] GET /favicon.ico
2026-08-23 14:08:25 [INFO] GET /api/subjects
2026-08-23 14:08:25 [INFO] GET /api/tests/history
2026-08-23 14:08:25 [INFO] GET /favicon.ico
2026-08-23 14:08:28 [INFO] GET /api/subjects
2026-08-23 14:08:28 [INFO] GET /favicon.ico
2026-08-23 14:10:49 [INFO] GET /api/subjects
2026-08-23 14:10:49 [INFO] GET /favicon.ico
2026-08-23 14:10:52 [INFO] GET /api/tests/reviewed-questions
2026-08-23 14:10:52 [INFO] GET /favicon.ico
2026-08-23 14:10:53 [INFO] GET /api/questions/practice/daily
2026-08-23 14:10:53 [INFO] GET /api/questions/bookmarks
2026-08-23 14:10:53 [INFO] GET /favicon.ico
2026-08-23 14:10:56 [INFO] GET /api/analytics/overview
2026-08-23 14:10:56 [INFO] GET /api/analytics/gamification
2026-08-23 14:10:56 [INFO] GET /api/tests/history
2026-08-23 14:10:56 [INFO] GET /api/analytics/leaderboard
2026-08-23 14:10:56 [INFO] GET /api/notifications
2026-08-23 14:10:56 [INFO] GET /favicon.ico
2026-08-23 14:10:59 [INFO] GET /api/subjects
2026-08-23 14:10:59 [INFO] GET /favicon.ico
2026-08-23 14:11:03 [INFO] GET /api/tests/reviewed-questions
2026-08-23 14:11:03 [INFO] GET /favicon.ico
2026-08-23 14:11:04 [INFO] GET /api/tests/history
2026-08-23 14:11:04 [INFO] GET /favicon.ico
2026-08-23 14:11:07 [INFO] GET /favicon.ico
2026-08-23 14:11:10 [INFO] GET /api/subjects
2026-08-23 14:11:10 [INFO] GET /favicon.ico
2026-08-23 14:11:13 [INFO] GET /api/tests/reviewed-questions
2026-08-23 14:11:13 [INFO] GET /favicon.ico
2026-08-23 14:18:08 [INFO] GET /api/tests/reviewed-questions
2026-08-23 14:18:08 [INFO] GET /favicon.ico
2026-08-23 14:18:16 [INFO] GET /api/tests/history
2026-08-23 14:18:16 [INFO] GET /api/notifications
2026-08-23 14:18:16 [INFO] GET /api/analytics/gamification
2026-08-23 14:18:16 [INFO] GET /api/analytics/overview
2026-08-23 14:18:16 [INFO] GET /api/analytics/leaderboard
2026-08-23 14:18:16 [INFO] GET /favicon.ico
2026-08-23 14:18:18 [INFO] GET /api/tests/history
2026-08-23 14:18:18 [INFO] GET /favicon.ico
2026-08-23 14:18:21 [INFO] GET /favicon.ico
2026-08-23 14:20:16 [INFO] GET /favicon.ico
2026-08-23 14:20:17 [INFO] GET /favicon.ico
2026-08-23 14:20:17 [INFO] GET /favicon.ico
2026-08-23 14:20:18 [INFO] GET /api/subjects
2026-08-23 14:20:19 [INFO] GET /favicon.ico
2026-08-23 14:23:36 [INFO] GET /api/subjects
2026-08-23 14:23:36 [INFO] GET /favicon.ico
2026-08-23 14:23:40 [INFO] GET /api/tests/reviewed-questions
2026-08-23 14:23:40 [INFO] GET /favicon.ico
2026-08-23 14:23:41 [INFO] GET /api/analytics/overview
2026-08-23 14:23:41 [INFO] GET /api/analytics/gamification
2026-08-23 14:23:41 [INFO] GET /api/tests/history
2026-08-23 14:23:41 [INFO] GET /api/analytics/leaderboard
2026-08-23 14:23:41 [INFO] GET /api/notifications
2026-08-23 14:23:41 [INFO] GET /favicon.ico
2026-08-23 14:23:45 [INFO] GET /api/subjects
2026-08-23 14:23:45 [INFO] GET /favicon.ico
2026-08-23 14:23:48 [INFO] GET /api/tests/reviewed-questions
2026-08-23 14:23:48 [INFO] GET /favicon.ico
2026-08-23 14:24:07 [INFO] GET /api/tests/reviewed-questions
2026-08-23 14:24:07 [INFO] GET /favicon.ico
2026-08-23 14:24:15 [INFO] GET /api/tests/reviewed-questions
2026-08-23 14:24:15 [INFO] GET /favicon.ico
2026-08-23 14:24:40 [INFO] GET /api/analytics/overview
2026-08-23 14:24:40 [INFO] GET /api/analytics/gamification
2026-08-23 14:24:40 [INFO] GET /api/tests/history
2026-08-23 14:24:40 [INFO] GET /api/analytics/leaderboard
2026-08-23 14:24:40 [INFO] GET /api/notifications
2026-08-23 14:24:40 [INFO] GET /favicon.ico
2026-08-23 14:24:48 [INFO] GET /api/subjects
2026-08-23 14:24:48 [INFO] GET /favicon.ico
2026-08-23 14:24:56 [INFO] GET /api/subjects/performance
2026-08-23 14:24:58 [INFO] GET /api/tests/reviewed-questions
2026-08-23 14:24:58 [INFO] GET /favicon.ico
2026-08-23 14:25:03 [INFO] GET /api/analytics/overview
2026-08-23 14:25:03 [INFO] GET /favicon.ico
2026-08-23 14:25:06 [INFO] GET /favicon.ico
2026-08-23 14:25:19 [INFO] GET /favicon.ico
2026-08-23 14:25:29 [INFO] POST /api/auth/login
2026-08-23 14:25:30 [INFO] GET /api/admin/users?role=STUDENT
2026-08-23 14:25:30 [INFO] GET /favicon.ico
2026-08-23 14:25:33 [INFO] GET /api/subjects
2026-08-23 14:25:33 [INFO] GET /favicon.ico
2026-08-23 14:25:36 [INFO] GET /api/questions/counts
2026-08-23 14:25:36 [INFO] GET /api/questions?page=0&size=10
2026-08-23 14:25:36 [INFO] GET /favicon.ico
2026-08-23 14:25:39 [INFO] GET /api/admin/users?role=STUDENT
2026-08-23 14:25:39 [INFO] GET /favicon.ico
2026-08-23 14:25:41 [INFO] GET /api/auth/me
2026-08-23 14:25:41 [INFO] GET /favicon.ico
2026-08-23 14:25:46 [INFO] GET /api/admin/users?role=STUDENT
2026-08-23 14:25:46 [INFO] GET /favicon.ico
2026-08-23 14:26:52 [INFO] GET /api/admin/users?role=STUDENT
2026-08-23 14:26:52 [INFO] GET /favicon.ico
2026-08-23 14:26:53 [INFO] GET /api/admin/users?role=STUDENT
2026-08-23 14:26:53 [INFO] GET /favicon.ico
2026-08-23 14:26:54 [INFO] GET /api/subjects
2026-08-23 14:26:54 [INFO] GET /favicon.ico
2026-08-23 14:28:01 [INFO] GET /api/subjects
2026-08-23 14:28:01 [INFO] GET /favicon.ico
2026-08-23 14:28:02 [INFO] GET /api/questions/counts
2026-08-23 14:28:02 [INFO] GET /api/questions?page=0&size=10
2026-08-23 14:28:02 [INFO] GET /favicon.ico
2026-08-23 14:28:04 [INFO] GET /api/subjects
2026-08-23 14:28:04 [INFO] GET /favicon.ico
2026-08-23 14:28:06 [INFO] GET /api/auth/me
2026-08-23 14:28:06 [INFO] GET /favicon.ico
2026-08-23 14:28:09 [INFO] GET /api/admin/users?role=STUDENT
2026-08-23 14:28:09 [INFO] GET /favicon.ico
2026-08-23 14:28:10 [INFO] GET /favicon.ico
2026-08-23 14:28:14 [INFO] POST /api/auth/login
2026-08-23 14:28:16 [INFO] GET /api/admin/users?role=STUDENT
2026-08-23 14:28:16 [INFO] GET /favicon.ico
2026-08-23 14:28:17 [INFO] GET /api/admin/users?role=STUDENT
2026-08-23 14:28:17 [INFO] GET /favicon.ico
2026-08-23 14:28:17 [INFO] GET /api/admin/users?role=STUDENT
2026-08-23 14:28:18 [INFO] GET /favicon.ico
2026-08-23 14:28:18 [INFO] GET /api/subjects
2026-08-23 14:28:18 [INFO] GET /favicon.ico
2026-08-23 14:28:19 [INFO] GET /api/questions/counts
2026-08-23 14:28:19 [INFO] GET /api/questions?page=0&size=10
2026-08-23 14:28:19 [INFO] GET /favicon.ico
2026-08-23 14:28:21 [INFO] GET /api/admin/users?role=STUDENT
2026-08-23 14:28:21 [INFO] GET /favicon.ico
2026-08-23 15:35:02 [INFO] GET /favicon.ico
2026-08-23 15:35:06 [INFO] GET /api/auth/me
2026-08-23 15:35:06 [INFO] GET /favicon.ico
2026-08-23 15:35:48 [INFO] GET /api/auth/me
2026-08-23 15:35:48 [INFO] GET /favicon.ico
2026-08-23 15:36:47 [INFO] GET /api/auth/me
2026-08-23 15:36:47 [INFO] GET /favicon.ico
2026-08-23 15:36:49 [INFO] GET /favicon.ico
2026-08-23 15:36:49 [INFO] GET /favicon.ico
2026-08-23 15:36:50 [INFO] GET /favicon.ico
2026-08-23 15:38:37 [INFO] GET /api/auth/me
2026-08-23 15:38:37 [INFO] GET /favicon.ico
2026-08-23 15:38:44 [INFO] GET /api/auth/me
2026-08-23 15:38:44 [INFO] GET /favicon.ico
2026-08-23 15:40:10 [INFO] GET /api/auth/me
2026-08-23 15:40:10 [INFO] GET /favicon.ico
2026-08-23 15:40:47 [INFO] POST /api/auth/login
2026-08-23 15:40:48 [INFO] GET /api/analytics/overview
2026-08-23 15:40:48 [INFO] GET /api/analytics/gamification
2026-08-23 15:40:48 [INFO] GET /api/tests/history
2026-08-23 15:40:48 [INFO] GET /api/analytics/leaderboard
2026-08-23 15:40:48 [INFO] GET /api/notifications
2026-08-23 15:40:48 [INFO] GET /favicon.ico
2026-08-24 19:43:53 [INFO] Node gateway running on http://localhost:3000
2026-08-24 19:44:14 [INFO] GET /favicon.ico
2026-08-24 19:44:16 [INFO] GET /favicon.ico
2026-08-24 19:45:07 [INFO] GET /favicon.ico
2026-08-24 19:45:07 [INFO] GET /favicon.ico
2026-08-24 19:45:07 [INFO] GET /favicon.ico
2026-08-24 19:45:10 [INFO] GET /api/auth/me
2026-08-24 19:45:10 [INFO] GET /favicon.ico
2026-08-24 19:45:13 [INFO] GET /favicon.ico
2026-08-24 19:45:27 [INFO] POST /api/auth/login
2026-08-24 19:45:29 [INFO] GET /api/admin/users?role=STUDENT
2026-08-24 19:45:29 [INFO] GET /favicon.ico
2026-08-24 19:45:32 [INFO] GET /api/subjects
2026-08-24 19:45:32 [INFO] GET /favicon.ico
2026-08-24 19:46:02 [INFO] GET /api/admin/users?role=STUDENT
2026-08-24 19:46:02 [INFO] GET /favicon.ico
2026-08-24 19:46:03 [INFO] GET /api/auth/me
2026-08-24 19:46:03 [INFO] GET /favicon.ico
2026-08-24 19:46:06 [INFO] GET /favicon.ico
2026-08-24 19:46:21 [INFO] POST /api/auth/login
2026-08-24 19:46:30 [INFO] POST /api/auth/login
2026-08-24 19:46:36 [INFO] POST /api/auth/login
2026-08-24 19:47:02 [INFO] POST /api/auth/login
2026-08-24 19:47:13 [INFO] POST /api/auth/login
2026-08-24 19:47:17 [INFO] GET /api/auth/me
2026-08-24 19:47:17 [INFO] GET /favicon.ico
2026-08-24 19:47:23 [INFO] GET /favicon.ico
2026-08-24 19:47:23 [INFO] GET /favicon.ico
2026-08-24 19:47:23 [INFO] GET /favicon.ico
2026-08-24 19:47:23 [INFO] GET /favicon.ico
2026-08-24 19:47:24 [INFO] GET /favicon.ico
2026-08-24 19:47:24 [INFO] GET /favicon.ico
2026-08-24 19:47:24 [INFO] GET /favicon.ico
2026-08-24 19:47:28 [INFO] POST /api/auth/login
2026-08-24 19:47:29 [INFO] GET /api/admin/users?role=STUDENT
2026-08-24 19:47:29 [INFO] GET /favicon.ico
2026-08-24 19:47:35 [INFO] GET /api/admin/students/1/overview
2026-08-24 19:47:39 [INFO] GET /api/admin/students/1/overview
2026-08-24 19:48:24 [INFO] GET /favicon.ico
2026-08-24 19:48:46 [INFO] POST /api/auth/login
2026-08-24 19:48:47 [INFO] GET /api/analytics/overview
2026-08-24 19:48:47 [INFO] GET /api/analytics/gamification
2026-08-24 19:48:47 [INFO] GET /api/tests/history
2026-08-24 19:48:47 [INFO] GET /api/analytics/leaderboard
2026-08-24 19:48:47 [INFO] GET /api/notifications
2026-08-24 19:48:48 [INFO] GET /favicon.ico
2026-08-24 19:51:08 [INFO] GET /favicon.ico
2026-08-24 19:51:32 [INFO] GET /favicon.ico
2026-08-24 19:52:10 [INFO] GET /favicon.ico
2026-08-24 19:52:10 [INFO] GET /api/analytics/overview
2026-08-24 19:52:10 [INFO] GET /api/analytics/gamification
2026-08-24 19:52:10 [INFO] GET /api/tests/history
2026-08-24 19:52:10 [INFO] GET /api/analytics/leaderboard
2026-08-24 19:52:10 [INFO] GET /api/notifications
2026-08-24 19:52:10 [INFO] GET /favicon.ico
2026-08-24 19:52:10 [INFO] GET /favicon.ico
2026-08-24 19:52:10 [INFO] GET /api/admin/users?role=STUDENT
2026-08-24 19:52:10 [INFO] GET /favicon.ico
2026-08-24 19:52:11 [INFO] GET /favicon.ico
2026-08-24 19:52:11 [INFO] GET /api/admin/users?role=STUDENT
2026-08-24 19:52:11 [INFO] GET /favicon.ico
2026-08-24 19:52:11 [INFO] GET /api/subjects
2026-08-24 19:52:12 [INFO] GET /api/analytics/overview
2026-08-24 19:52:12 [INFO] GET /api/analytics/gamification
2026-08-24 19:52:12 [INFO] GET /api/tests/history
2026-08-24 19:52:12 [INFO] GET /api/analytics/leaderboard
2026-08-24 19:52:12 [INFO] GET /api/notifications
2026-08-24 19:52:12 [INFO] GET /favicon.ico
2026-08-24 19:52:21 [INFO] GET /favicon.ico
